timestamp,water_level,is_anomaly
2024-01-01 00:00:00,12.14901424590337,0
2024-01-01 01:00:00,12.636481277826006,0
2024-01-01 02:00:00,13.506090636299348,0
2024-01-01 03:00:00,21.43040434777573,1
2024-01-01 04:00:00,14.218051309985032,0
2024-01-01 05:00:00,14.498302764368248,0
2024-01-01 06:00:00,15.157780591817268,0
2024-01-01 07:00:00,14.859100220550559,0
2024-01-01 08:00:00,20.348303051380068,1
2024-01-01 09:00:00,14.203758215606292,0
2024-01-01 10:00:00,13.413247511649377,0
2024-01-01 11:00:00,12.838242306141018,0
2024-01-01 12:00:00,12.431695672763857,0
2024-01-01 13:00:00,11.16578321646481,0
2024-01-01 14:00:00,10.64652465024609,0
2024-01-01 15:00:00,10.50417244947361,0
2024-01-01 16:00:00,9.997743200889474,0
2024-01-01 17:00:00,10.171515782514712,0
2024-01-01 18:00:00,9.744384618830624,0
2024-01-01 19:00:00,9.702324252899237,0
2024-01-01 20:00:00,10.838769311432106,0
2024-01-01 21:00:00,10.75118558183691,0
2024-01-01 22:00:00,11.378699958870236,0
2024-01-01 23:00:00,11.554905309896023,0
2024-01-02 00:00:00,12.486150368616867,0
2024-01-02 01:00:00,13.349002613482599,0
2024-01-02 02:00:00,13.591692946226106,0
2024-01-02 03:00:00,14.584855717852697,0
2024-01-02 04:00:00,14.705692225513005,0
2024-01-02 05:00:00,15.063598755588375,0
2024-01-02 06:00:00,15.070263110653116,0
2024-01-02 07:00:00,15.734747825771336,0
2024-01-02 08:00:00,14.93771334095508,0
2024-01-02 09:00:00,6.430073755711161,1
2024-01-02 10:00:00,14.295221718259869,0
2024-01-02 11:00:00,13.088535178796251,0
2024-01-02 12:00:00,12.878601408246887,0
2024-01-02 13:00:00,11.588104528666399,0
2024-01-02 14:00:00,11.180608846310577,0
2024-01-02 15:00:00,11.125261185708965,0
2024-01-02 16:00:00,4.581605560864749,1
2024-01-02 17:00:00,10.477036482465042,0
2024-01-02 18:00:00,10.30730551528353,0
2024-01-02 19:00:00,10.33729488943126,0
2024-01-02 20:00:00,10.233142931173619,0
2024-01-02 21:00:00,10.856249552429812,0
2024-01-02 22:00:00,11.448873029692162,0
2024-01-02 23:00:00,12.503142233696003,0
2024-01-03 00:00:00,12.931027816615996,0
2024-01-03 01:00:00,12.939876227178734,0
2024-01-03 02:00:00,14.161683435447353,0
2024-01-03 03:00:00,14.458348933088168,0
2024-01-03 04:00:00,14.758685908284672,0
2024-01-03 05:00:00,15.384567257070913,0
2024-01-03 06:00:00,15.58407495107072,0
2024-01-03 07:00:00,15.456490916261217,0
2024-01-03 08:00:00,14.662118575521857,0
2024-01-03 09:00:00,14.409382599593636,0
2024-01-03 10:00:00,14.068370048873865,0
2024-01-03 11:00:00,13.642389374706346,0
2024-01-03 12:00:00,12.541712914620842,0
2024-01-03 13:00:00,11.964632072760919,0
2024-01-03 14:00:00,11.066541005262055,0
2024-01-03 15:00:00,10.502056484758668,0
2024-01-03 16:00:00,10.6868324274739,0
2024-01-03 17:00:00,10.578887371871073,0
2024-01-03 18:00:00,10.043188805012887,0
2024-01-03 19:00:00,10.428301452103737,0
2024-01-03 20:00:00,10.46208334450409,0
2024-01-03 21:00:00,10.53332278186436,0
2024-01-03 22:00:00,11.328418681652526,0
2024-01-03 23:00:00,12.259178259801942,0
2024-01-04 00:00:00,12.408359179561058,0
2024-01-04 01:00:00,13.50935432895629,0
2024-01-04 02:00:00,12.830349288266188,0
2024-01-04 03:00:00,14.35356095384307,0
2024-01-04 04:00:00,14.50298176946127,0
2024-01-04 05:00:00,14.609167596664927,0
2024-01-04 06:00:00,14.7835449801257,0
2024-01-04 07:00:00,14.046273177072736,0
2024-01-04 08:00:00,14.29839575605078,0
2024-01-04 09:00:00,14.045472305302543,0
2024-01-04 10:00:00,13.835152288291603,0
2024-01-04 11:00:00,12.604479502695266,0
2024-01-04 12:00:00,18.244508675144672,1
2024-01-04 13:00:00,11.257512318747276,0
2024-01-04 14:00:00,11.050836560441487,0
2024-01-04 15:00:00,10.328286799048897,0
2024-01-04 16:00:00,9.644774616467855,0
2024-01-04 17:00:00,9.679436378481006,0
2024-01-04 18:00:00,9.44110651763936,0
2024-01-04 19:00:00,9.759723695355177,0
2024-01-04 20:00:00,9.480516422846971,0
2024-01-04 21:00:00,9.962711153490165,0
2024-01-04 22:00:00,10.434094734567237,0
2024-01-04 23:00:00,10.688984283348272,0
2024-01-05 00:00:00,11.837729091825326,0
2024-01-05 01:00:00,12.448549291791812,0
2024-01-05 02:00:00,12.949534036992736,0
2024-01-05 03:00:00,13.370765151741557,0
2024-01-05 04:00:00,13.389796240395077,0
2024-01-05 05:00:00,13.914564820434263,0
2024-01-05 06:00:00,14.000393803554982,0
2024-01-05 07:00:00,13.75530145593369,0
2024-01-05 08:00:00,13.676539605744557,0
2024-01-05 09:00:00,13.42829678506149,0
2024-01-05 10:00:00,13.3354142728993,0
2024-01-05 11:00:00,12.200043578089495,0
2024-01-05 12:00:00,11.55979993124241,0
2024-01-05 13:00:00,10.795940388700522,0
2024-01-05 14:00:00,9.623377615957487,0
2024-01-05 15:00:00,9.657899525016239,0
2024-01-05 16:00:00,9.272185230493664,0
2024-01-05 17:00:00,9.729865753219228,0
2024-01-05 18:00:00,8.83551661624373,0
2024-01-05 19:00:00,9.057399832281433,0
2024-01-05 20:00:00,16.80668861931194,1
2024-01-05 21:00:00,9.243522971501074,0
2024-01-05 22:00:00,10.446388599725593,0
2024-01-05 23:00:00,10.924791636018469,0
2024-01-06 00:00:00,11.577367254367442,0
2024-01-06 01:00:00,11.709178197731251,0
2024-01-06 02:00:00,13.001773632300724,0
2024-01-06 03:00:00,12.675241866214083,0
2024-01-06 04:00:00,13.667357599856231,0
2024-01-06 05:00:00,22.198038912039085,1
2024-01-06 06:00:00,13.528839102460791,0
2024-01-06 07:00:00,13.572484683011117,0
2024-01-06 08:00:00,13.525195881242448,0
2024-01-06 09:00:00,19.790009254430537,1
2024-01-06 10:00:00,12.12373630970006,0
2024-01-06 11:00:00,12.012563326611478,0
2024-01-06 12:00:00,11.033366556136704,0
2024-01-06 13:00:00,10.855289455403003,0
2024-01-06 14:00:00,9.843714485100952,0
2024-01-06 15:00:00,10.0771067042922,0
2024-01-06 16:00:00,8.991261503922669,0
2024-01-06 17:00:00,8.892317174719643,0
2024-01-06 18:00:00,9.161280070888965,0
2024-01-06 19:00:00,8.647633824543453,0
2024-01-06 20:00:00,9.350354147892592,0
2024-01-06 21:00:00,10.087996513935721,0
2024-01-06 22:00:00,9.74876401017884,0
2024-01-06 23:00:00,10.907664320990047,0
2024-01-07 00:00:00,11.5964996523001,0
2024-01-07 01:00:00,19.215585924639242,1
2024-01-07 02:00:00,12.438473289272704,0
2024-01-07 03:00:00,12.952944544091853,0
2024-01-07 04:00:00,13.925507788929428,0
2024-01-07 05:00:00,14.13108003867013,0
2024-01-07 06:00:00,14.226356013616776,0
2024-01-07 07:00:00,14.194692880112965,0
2024-01-07 08:00:00,13.662400046536655,0
2024-01-07 09:00:00,13.564817400902404,0
2024-01-07 10:00:00,13.091921741989605,0
2024-01-07 11:00:00,12.213927284729941,0
2024-01-07 12:00:00,12.368625362049395,0
2024-01-07 13:00:00,11.33218864406145,0
2024-01-07 14:00:00,10.258336131346095,0
2024-01-07 15:00:00,10.323975880059649,0
2024-01-07 16:00:00,9.466727849941982,0
2024-01-07 17:00:00,9.775255579318051,0
2024-01-07 18:00:00,9.831561926537171,0
2024-01-07 19:00:00,9.353251453041484,0
2024-01-07 20:00:00,10.168715516371249,0
2024-01-07 21:00:00,10.43149574423192,0
2024-01-07 22:00:00,11.102833973129213,0
2024-01-07 23:00:00,19.41179946236428,1
2024-01-08 00:00:00,5.634396057272653,1
2024-01-08 01:00:00,12.619839718870116,0
2024-01-08 02:00:00,13.212929745981485,0
2024-01-08 03:00:00,13.783595448359376,0
2024-01-08 04:00:00,14.4331668095778,0
2024-01-08 05:00:00,14.838889443897994,0
2024-01-08 06:00:00,14.935023986964056,0
2024-01-08 07:00:00,15.045024776515499,0
2024-01-08 08:00:00,14.580768216553198,0
2024-01-08 09:00:00,14.64505042567769,0
2024-01-08 10:00:00,13.640875769521733,0
2024-01-08 11:00:00,13.96201198218898,0
2024-01-08 12:00:00,12.714807195623544,0
2024-01-08 13:00:00,11.65062002293727,0
2024-01-08 14:00:00,11.010732250581672,0
2024-01-08 15:00:00,10.985600432818858,0
2024-01-08 16:00:00,10.402553701392053,0
2024-01-08 17:00:00,10.45944173096376,0
2024-01-08 18:00:00,10.32676312885905,0
2024-01-08 19:00:00,10.272166689502766,0
2024-01-08 20:00:00,10.313036565335118,0
2024-01-08 21:00:00,10.532464304577113,0
2024-01-08 22:00:00,11.392487011843759,0
2024-01-08 23:00:00,12.407249404057096,0
2024-01-09 00:00:00,12.88169330921348,0
2024-01-09 01:00:00,13.110004202956038,0
2024-01-09 02:00:00,14.156945297208138,0
2024-01-09 03:00:00,14.755741526267638,0
2024-01-09 04:00:00,14.788726601628303,0
2024-01-09 05:00:00,15.36522441231001,0
2024-01-09 06:00:00,15.436237709855735,0
2024-01-09 07:00:00,15.004173281069464,0
2024-01-09 08:00:00,15.21709871648094,0
2024-01-09 09:00:00,14.89210897512354,0
2024-01-09 10:00:00,14.541373617581499,0
2024-01-09 11:00:00,13.938928889398026,0
2024-01-09 12:00:00,12.570641519358347,0
2024-01-09 13:00:00,12.0626580538558,0
2024-01-09 14:00:00,11.901575241142705,0
2024-01-09 15:00:00,11.388338600221903,0
2024-01-09 16:00:00,10.995213834175662,0
2024-01-09 17:00:00,11.749445445304463,0
2024-01-09 18:00:00,10.681267153207951,0
2024-01-09 19:00:00,10.936295690162227,0
2024-01-09 20:00:00,11.130900057331807,0
2024-01-09 21:00:00,11.435620190339966,0
2024-01-09 22:00:00,11.66048388758799,0
2024-01-09 23:00:00,12.5816963319783,0
2024-01-10 00:00:00,12.764094765384183,0
2024-01-10 01:00:00,13.565742691765537,0
2024-01-10 02:00:00,14.086849180280167,0
2024-01-10 03:00:00,14.766435859028963,0
2024-01-10 04:00:00,15.824160078378517,0
2024-01-10 05:00:00,14.808884812641125,0
2024-01-10 06:00:00,15.648653151434289,0
2024-01-10 07:00:00,14.861292119169462,0
2024-01-10 08:00:00,14.940304272751824,0
2024-01-10 09:00:00,14.996831491439213,0
2024-01-10 10:00:00,14.15627502518144,0
2024-01-10 11:00:00,13.194402403190862,0
2024-01-10 12:00:00,12.638874073196448,0
2024-01-10 13:00:00,12.392209090440474,0
2024-01-10 14:00:00,11.347331507948711,0
2024-01-10 15:00:00,11.093856048857464,0
2024-01-10 16:00:00,10.624746232726784,0
2024-01-10 17:00:00,10.14453525901808,0
2024-01-10 18:00:00,10.875975068284585,0
2024-01-10 19:00:00,10.485417289431531,0
2024-01-10 20:00:00,9.914049760992517,0
2024-01-10 21:00:00,10.950795002676719,0
2024-01-10 22:00:00,11.189464060569472,0
2024-01-10 23:00:00,18.544232007077774,1
2024-01-11 00:00:00,12.349350769764213,0
2024-01-11 01:00:00,13.173540299772023,0
2024-01-11 02:00:00,13.935769003187255,0
2024-01-11 03:00:00,14.534716760781544,0
2024-01-11 04:00:00,14.284778726873082,0
2024-01-11 05:00:00,14.7665194310524,0
2024-01-11 06:00:00,14.781533153816765,0
2024-01-11 07:00:00,14.614545081680888,0
2024-01-11 08:00:00,7.962196468933961,1
2024-01-11 09:00:00,14.227833047137322,0
2024-01-11 10:00:00,13.18151888856863,0
2024-01-11 11:00:00,13.203319152293778,0
2024-01-11 12:00:00,12.888646859103789,0
2024-01-11 13:00:00,11.885779009987994,0
2024-01-11 14:00:00,10.488404935344647,0
2024-01-11 15:00:00,10.252391244291113,0
2024-01-11 16:00:00,10.35177602235396,0
2024-01-11 17:00:00,9.481155308861362,0
2024-01-11 18:00:00,17.697054575756106,1
2024-01-11 19:00:00,9.869520414224107,0
2024-01-11 20:00:00,9.581053209536753,0
2024-01-11 21:00:00,10.211152190650946,0
2024-01-11 22:00:00,9.747346978486167,0
2024-01-11 23:00:00,10.988722475387608,0
2024-01-12 00:00:00,11.841122563288016,0
2024-01-12 01:00:00,12.163897755548396,0
2024-01-12 02:00:00,13.605723391179477,0
2024-01-12 03:00:00,13.180098878365913,0
2024-01-12 04:00:00,13.850394117001098,0
2024-01-12 05:00:00,14.247980590449691,0
2024-01-12 06:00:00,14.703590145232846,0
2024-01-12 07:00:00,13.733225991346348,0
2024-01-12 08:00:00,14.241874444890845,0
2024-01-12 09:00:00,13.478151446323013,0
2024-01-12 10:00:00,12.643105907221742,0
2024-01-12 11:00:00,12.45430127651892,0
2024-01-12 12:00:00,11.710252722697634,0
2024-01-12 13:00:00,10.80620910028272,0
2024-01-12 14:00:00,10.387949606044216,0
2024-01-12 15:00:00,9.718259608592492,0
2024-01-12 16:00:00,9.456171371086727,0
2024-01-12 17:00:00,9.35753232182996,0
2024-01-12 18:00:00,9.53702995052167,0
2024-01-12 19:00:00,8.76359097993329,0
2024-01-12 20:00:00,10.014147504020427,0
2024-01-12 21:00:00,9.176500042930186,0
2024-01-12 22:00:00,10.2260062268604,0
2024-01-12 23:00:00,11.043706888157823,0
2024-01-13 00:00:00,11.592355230575043,0
2024-01-13 01:00:00,11.963184578223473,0
2024-01-13 02:00:00,12.686498663912714,0
2024-01-13 03:00:00,13.115896904654115,0
2024-01-13 04:00:00,13.482491044632875,0
2024-01-13 05:00:00,14.163254630998255,0
2024-01-13 06:00:00,14.101104645789514,0
2024-01-13 07:00:00,13.702501123313754,0
2024-01-13 08:00:00,20.138865618661086,1
2024-01-13 09:00:00,13.361987041314753,0
2024-01-13 10:00:00,13.00079397467159,0
2024-01-13 11:00:00,12.348883086746774,0
2024-01-13 12:00:00,11.271359166977918,0
2024-01-13 13:00:00,10.713157414153365,0
2024-01-13 14:00:00,10.511729836908088,0
2024-01-13 15:00:00,9.96323746241698,0
2024-01-13 16:00:00,9.387967013434304,0
2024-01-13 17:00:00,9.19213384457398,0
2024-01-13 18:00:00,9.468524374414592,0
2024-01-13 19:00:00,9.007421702822896,0
2024-01-13 20:00:00,9.61424538186236,0
2024-01-13 21:00:00,9.80319589192082,0
2024-01-13 22:00:00,10.33370461957904,0
2024-01-13 23:00:00,11.349907219026507,0
2024-01-14 00:00:00,11.93415971872196,0
2024-01-14 01:00:00,12.597723125040126,0
2024-01-14 02:00:00,13.369202144682422,0
2024-01-14 03:00:00,20.677145083129375,1
2024-01-14 04:00:00,14.141511210632848,0
2024-01-14 05:00:00,14.116904609722141,0
2024-01-14 06:00:00,14.416458064259546,0
2024-01-14 07:00:00,14.21971550095357,0
2024-01-14 08:00:00,14.063506252508013,0
2024-01-14 09:00:00,13.841688399385179,0
2024-01-14 10:00:00,12.926533795029979,0
2024-01-14 11:00:00,13.223948892843493,0
2024-01-14 12:00:00,11.675087794256061,0
2024-01-14 13:00:00,10.993782183951616,0
2024-01-14 14:00:00,11.131160442556912,0
2024-01-14 15:00:00,10.532508605658371,0
2024-01-14 16:00:00,10.114368296125845,0
2024-01-14 17:00:00,9.895633850974601,0
2024-01-14 18:00:00,9.648309220980872,0
2024-01-14 19:00:00,9.498279837101245,0
2024-01-14 20:00:00,10.070444045056089,0
2024-01-14 21:00:00,10.272512952697348,0
2024-01-14 22:00:00,11.316751845156205,0
2024-01-14 23:00:00,11.613922217371966,0
2024-01-15 00:00:00,12.088350840962239,0
2024-01-15 01:00:00,12.91754481568144,0
2024-01-15 02:00:00,13.771663511151825,0
2024-01-15 03:00:00,14.027221168007811,0
2024-01-15 04:00:00,14.377631203732108,0
2024-01-15 05:00:00,14.977650014900561,0
2024-01-15 06:00:00,15.093506718497668,0
2024-01-15 07:00:00,14.812786849193348,0
2024-01-15 08:00:00,14.603556157304329,0
2024-01-15 09:00:00,14.44660518373779,0
2024-01-15 10:00:00,20.30664423064717,1
2024-01-15 11:00:00,12.891722099899114,0
2024-01-15 12:00:00,12.479573724918351,0
2024-01-15 13:00:00,12.011733144348606,0
2024-01-15 14:00:00,11.593272269679424,0
2024-01-15 15:00:00,4.3230019399617,1
2024-01-15 16:00:00,18.588664872808323,1
2024-01-15 17:00:00,10.365260023747103,0
2024-01-15 18:00:00,10.34708697911618,0
2024-01-15 19:00:00,10.161256553908476,0
2024-01-15 20:00:00,10.72952073995792,0
2024-01-15 21:00:00,11.068320880306812,0
2024-01-15 22:00:00,11.79125706556529,0
2024-01-15 23:00:00,12.070160482694352,0
2024-01-16 00:00:00,13.141269140246784,0
2024-01-16 01:00:00,14.11154751047037,0
2024-01-16 02:00:00,14.24036297491572,0
2024-01-16 03:00:00,14.92865982897868,0
2024-01-16 04:00:00,15.428927030001976,0
2024-01-16 05:00:00,15.366740738960608,0
2024-01-16 06:00:00,15.65400283886506,0
2024-01-16 07:00:00,15.518842090653187,0
2024-01-16 08:00:00,15.307065337941125,0
2024-01-16 09:00:00,14.65997068205643,0
2024-01-16 10:00:00,14.391811296906615,0
2024-01-16 11:00:00,7.760434057688877,1
2024-01-16 12:00:00,13.587285412083988,0
2024-01-16 13:00:00,12.799786813655887,0
2024-01-16 14:00:00,12.56101939823355,0
2024-01-16 15:00:00,11.171998546081829,0
2024-01-16 16:00:00,11.270395719300051,0
2024-01-16 17:00:00,10.816628599829562,0
2024-01-16 18:00:00,11.334940879965302,0
2024-01-16 19:00:00,10.5211365125015,0
2024-01-16 20:00:00,10.76078297562962,0
2024-01-16 21:00:00,11.228385021314992,0
2024-01-16 22:00:00,11.285895943687146,0
2024-01-16 23:00:00,12.36427905932607,0
2024-01-17 00:00:00,12.93620253127934,0
2024-01-17 01:00:00,13.849906409730432,0
2024-01-17 02:00:00,14.502985037362059,0
2024-01-17 03:00:00,15.472724868977844,0
2024-01-17 04:00:00,15.58288965983226,0
2024-01-17 05:00:00,15.36399327371993,0
2024-01-17 06:00:00,15.341250692917429,0
2024-01-17 07:00:00,15.660682631978311,0
2024-01-17 08:00:00,14.853813870382462,0
2024-01-17 09:00:00,15.3875839421053,0
2024-01-17 10:00:00,14.658823055669224,0
2024-01-17 11:00:00,13.544973140938248,0
2024-01-17 12:00:00,12.507524827247163,0
2024-01-17 13:00:00,12.7624914780097,0
2024-01-17 14:00:00,11.70007954388807,0
2024-01-17 15:00:00,11.568263365574914,0
2024-01-17 16:00:00,10.300746383117323,0
2024-01-17 17:00:00,10.328202856413705,0
2024-01-17 18:00:00,10.402364951402442,0
2024-01-17 19:00:00,10.477335760865545,0
2024-01-17 20:00:00,10.554572895546025,0
2024-01-17 21:00:00,11.249713687950138,0
2024-01-17 22:00:00,11.235713871185222,0
2024-01-17 23:00:00,12.091053444355781,0
2024-01-18 00:00:00,12.791195680807588,0
2024-01-18 01:00:00,13.530292882429714,0
2024-01-18 02:00:00,14.165757282919767,0
2024-01-18 03:00:00,14.105597574979141,0
2024-01-18 04:00:00,14.352633397769129,0
2024-01-18 05:00:00,15.418172848374242,0
2024-01-18 06:00:00,15.19171095075893,0
2024-01-18 07:00:00,14.753997890486042,0
2024-01-18 08:00:00,15.165642915058791,0
2024-01-18 09:00:00,14.309040924136884,0
2024-01-18 10:00:00,14.08157323008828,0
2024-01-18 11:00:00,13.116216112600402,0
2024-01-18 12:00:00,13.03822437746458,0
2024-01-18 13:00:00,12.270641684555633,0
2024-01-18 14:00:00,11.037526680587149,0
2024-01-18 15:00:00,10.85713275143731,0
2024-01-18 16:00:00,10.33331546247351,0
2024-01-18 17:00:00,10.27204561580671,0
2024-01-18 18:00:00,15.490993101079827,1
2024-01-18 19:00:00,10.01094563619485,0
2024-01-18 20:00:00,10.344659697065042,0
2024-01-18 21:00:00,9.86938795154256,0
2024-01-18 22:00:00,10.532749626707135,0
2024-01-18 23:00:00,10.852269114459876,0
2024-01-19 00:00:00,12.004070958372576,0
2024-01-19 01:00:00,12.921495386876652,0
2024-01-19 02:00:00,13.734707115628776,0
2024-01-19 03:00:00,13.799369725880021,0
2024-01-19 04:00:00,14.638992126681572,0
2024-01-19 05:00:00,13.962727979799402,0
2024-01-19 06:00:00,13.928193426706468,0
2024-01-19 07:00:00,14.315320327031188,0
2024-01-19 08:00:00,14.176144953926144,0
2024-01-19 09:00:00,13.633273103588925,0
2024-01-19 10:00:00,12.485325872524186,0
2024-01-19 11:00:00,12.456934222386126,0
2024-01-19 12:00:00,11.427193963874123,0
2024-01-19 13:00:00,11.355175928079392,0
2024-01-19 14:00:00,10.644988454376255,0
2024-01-19 15:00:00,16.18655539705148,1
2024-01-19 16:00:00,9.435956092310358,0
2024-01-19 17:00:00,9.009129062906956,0
2024-01-19 18:00:00,9.210421176496112,0
2024-01-19 19:00:00,9.589478325731722,0
2024-01-19 20:00:00,9.246519677722873,0
2024-01-19 21:00:00,10.081340337442299,0
2024-01-19 22:00:00,10.280464469859325,0
2024-01-19 23:00:00,10.797349876533724,0
2024-01-20 00:00:00,11.643948562268143,0
2024-01-20 01:00:00,12.007421737443853,0
2024-01-20 02:00:00,12.750840547415724,0
2024-01-20 03:00:00,13.07243381727512,0
2024-01-20 04:00:00,14.41671801159108,0
2024-01-20 05:00:00,14.086953067483462,0
2024-01-20 06:00:00,13.952082347602223,0
2024-01-20 07:00:00,14.142567975112222,0
2024-01-20 08:00:00,13.797602056808902,0
2024-01-20 09:00:00,20.52712040569399,1
2024-01-20 10:00:00,13.109185349032916,0
2024-01-20 11:00:00,12.555246747183904,0
2024-01-20 12:00:00,11.528907325971403,0
2024-01-20 13:00:00,10.876466254019073,0
2024-01-20 14:00:00,10.373026246225606,0
2024-01-20 15:00:00,9.257550033366257,0
2024-01-20 16:00:00,16.71897778369066,1
2024-01-20 17:00:00,16.52078812760106,1
2024-01-20 18:00:00,9.746715219728449,0
2024-01-20 19:00:00,15.66505299351969,1
2024-01-20 20:00:00,9.791083256428069,0
2024-01-20 21:00:00,10.125228734014062,0
2024-01-20 22:00:00,11.490673223083757,0
2024-01-20 23:00:00,11.524146636860737,0
2024-01-21 00:00:00,11.8161595365813,0
2024-01-21 01:00:00,12.235008102059785,0
2024-01-21 02:00:00,12.663624606458862,0
2024-01-21 03:00:00,13.746120618777283,0
2024-01-21 04:00:00,13.878020095659071,0
2024-01-21 05:00:00,13.951308523820867,0
2024-01-21 06:00:00,6.435517193549126,1
2024-01-21 07:00:00,14.10229401617956,0
2024-01-21 08:00:00,14.708549953531978,0
2024-01-21 09:00:00,14.095633218838957,0
2024-01-21 10:00:00,13.337608207605024,0
2024-01-21 11:00:00,13.20821595180485,0
2024-01-21 12:00:00,12.168103501000278,0
2024-01-21 13:00:00,11.267653507389443,0
2024-01-21 14:00:00,11.408664403687776,0
2024-01-21 15:00:00,10.624682810574877,0
2024-01-21 16:00:00,9.783958504712254,0
2024-01-21 17:00:00,9.818028594770233,0
2024-01-21 18:00:00,9.557297776819519,0
2024-01-21 19:00:00,9.520616229257689,0
2024-01-21 20:00:00,10.493555941857448,0
2024-01-21 21:00:00,11.216486458292032,0
2024-01-21 22:00:00,10.772645652985148,0
2024-01-21 23:00:00,11.994930202829794,0
2024-01-22 00:00:00,12.308807229263456,0
2024-01-22 01:00:00,13.03582295304791,0
2024-01-22 02:00:00,13.638065897597459,0
2024-01-22 03:00:00,14.105141302945066,0
2024-01-22 04:00:00,14.80685381078549,0
2024-01-22 05:00:00,14.823258816529682,0
2024-01-22 06:00:00,15.269153794899005,0
2024-01-22 07:00:00,15.117798368969959,0
2024-01-22 08:00:00,14.841183234929916,0
2024-01-22 09:00:00,14.272721103918034,0
2024-01-22 10:00:00,13.88324142032261,0
2024-01-22 11:00:00,13.708578599959795,0
2024-01-22 12:00:00,13.013382147581382,0
2024-01-22 13:00:00,11.950500716422582,0
2024-01-22 14:00:00,11.69779969162881,0
2024-01-22 15:00:00,11.402274845257457,0
2024-01-22 16:00:00,10.304770952653392,0
2024-01-22 17:00:00,10.744249640450107,0
2024-01-22 18:00:00,10.322004713803231,0
2024-01-22 19:00:00,10.80119496387777,0
2024-01-22 20:00:00,10.674096933792889,0
2024-01-22 21:00:00,10.781453841783485,0
2024-01-22 22:00:00,11.374178766098893,0
2024-01-22 23:00:00,12.500755249758473,0
2024-01-23 00:00:00,13.23138193649089,0
2024-01-23 01:00:00,13.548430849038287,0
2024-01-23 02:00:00,7.848747631198184,1
2024-01-23 03:00:00,14.47769029366827,0
2024-01-23 04:00:00,15.370059892894435,0
2024-01-23 05:00:00,15.291802020597618,0
2024-01-23 06:00:00,15.559224261981289,0
2024-01-23 07:00:00,15.697283971813569,0
2024-01-23 08:00:00,15.187638498791284,0
2024-01-23 09:00:00,14.944506953944115,0
2024-01-23 10:00:00,21.854903157808806,1
2024-01-23 11:00:00,13.785720712930638,0
2024-01-23 12:00:00,13.570649963365009,0
2024-01-23 13:00:00,12.341093509433028,0
2024-01-23 14:00:00,12.242005914354715,0
2024-01-23 15:00:00,12.002673401145604,0
2024-01-23 16:00:00,10.435206178245656,0
2024-01-23 17:00:00,10.690557421466915,0
2024-01-23 18:00:00,11.019121638154163,0
2024-01-23 19:00:00,10.870712382295151,0
2024-01-23 20:00:00,11.292043290295252,0
2024-01-23 21:00:00,11.395007258933461,0
2024-01-23 22:00:00,12.11704159722197,0
2024-01-23 23:00:00,12.643302395212654,0
2024-01-24 00:00:00,13.68227694824337,0
2024-01-24 01:00:00,14.049114526777913,0
2024-01-24 02:00:00,14.669739043251484,0
2024-01-24 03:00:00,14.954310527376345,0
2024-01-24 04:00:00,15.319480641154705,0
2024-01-24 05:00:00,15.575296914072766,0
2024-01-24 06:00:00,15.897110737035426,0
2024-01-24 07:00:00,15.554811536280285,0
2024-01-24 08:00:00,15.504816289557574,0
2024-01-24 09:00:00,15.628766551942613,0
2024-01-24 10:00:00,14.73432843048233,0
2024-01-24 11:00:00,13.755918776919295,0
2024-01-24 12:00:00,13.549829362623665,0
2024-01-24 13:00:00,12.401907153853632,0
2024-01-24 14:00:00,11.291004136910518,0
2024-01-24 15:00:00,11.062492578707646,0
2024-01-24 16:00:00,10.385837104447868,0
2024-01-24 17:00:00,10.570561318087442,0
2024-01-24 18:00:00,10.574317355243851,0
2024-01-24 19:00:00,11.134172776418705,0
2024-01-24 20:00:00,10.955670749119033,0
2024-01-24 21:00:00,11.165128549603239,0
2024-01-24 22:00:00,11.972821674355057,0
2024-01-24 23:00:00,11.638426697159748,0
2024-01-25 00:00:00,12.993791358726604,0
2024-01-25 01:00:00,13.775220790378192,0
2024-01-25 02:00:00,13.676696945759128,0
2024-01-25 03:00:00,14.954116415492566,0
2024-01-25 04:00:00,15.082416571238145,0
2024-01-25 05:00:00,15.07828342763445,0
2024-01-25 06:00:00,15.449851306996939,0
2024-01-25 07:00:00,15.827751708794322,0
2024-01-25 08:00:00,14.922857198919614,0
2024-01-25 09:00:00,14.516804709739139,0
2024-01-25 10:00:00,13.75797580500708,0
2024-01-25 11:00:00,13.009007257337917,0
2024-01-25 12:00:00,12.837100744963243,0
2024-01-25 13:00:00,11.655214284049999,0
2024-01-25 14:00:00,11.301685796296677,0
2024-01-25 15:00:00,10.590364232121484,0
2024-01-25 16:00:00,10.451396625321895,0
2024-01-25 17:00:00,10.129554780133086,0
2024-01-25 18:00:00,10.227245236112317,0
2024-01-25 19:00:00,9.820125278538882,0
2024-01-25 20:00:00,10.114169870422161,0
2024-01-25 21:00:00,10.271380682734765,0
2024-01-25 22:00:00,10.922439202484016,0
2024-01-25 23:00:00,11.745228915701341,0
2024-01-26 00:00:00,12.47998959369956,0
2024-01-26 01:00:00,12.597583112884587,0
2024-01-26 02:00:00,13.71288177603168,0
2024-01-26 03:00:00,14.351832649395583,0
2024-01-26 04:00:00,14.442437933977283,0
2024-01-26 05:00:00,15.10779716103128,0
2024-01-26 06:00:00,14.375071398781943,0
2024-01-26 07:00:00,14.126588225706746,0
2024-01-26 08:00:00,20.147854104579473,1
2024-01-26 09:00:00,14.259894821463897,0
2024-01-26 10:00:00,13.469868199442352,0
2024-01-26 11:00:00,12.634994832966848,0
2024-01-26 12:00:00,12.070525401921547,0
2024-01-26 13:00:00,10.984627449240854,0
2024-01-26 14:00:00,11.436734574432236,0
2024-01-26 15:00:00,10.208620042243593,0
2024-01-26 16:00:00,9.790934605892826,0
2024-01-26 17:00:00,9.712623106643266,0
2024-01-26 18:00:00,9.54152767519908,0
2024-01-26 19:00:00,9.538100836865082,0
2024-01-26 20:00:00,9.473095154989947,0
2024-01-26 21:00:00,10.239566889927753,0
2024-01-26 22:00:00,11.17214910431358,0
2024-01-26 23:00:00,11.606837740058934,0
2024-01-27 00:00:00,6.241497652227845,1
2024-01-27 01:00:00,12.332629731240287,0
2024-01-27 02:00:00,19.47069118484242,1
2024-01-27 03:00:00,13.56206110902189,0
2024-01-27 04:00:00,14.012017945402741,0
2024-01-27 05:00:00,14.572631457433232,0
2024-01-27 06:00:00,13.822260611085554,0
2024-01-27 07:00:00,14.705239097730148,0
2024-01-27 08:00:00,13.951898102142467,0
2024-01-27 09:00:00,13.477732864067548,0
2024-01-27 10:00:00,12.78930402644183,0
2024-01-27 11:00:00,11.999537432609968,0
2024-01-27 12:00:00,12.10300884544312,0
2024-01-27 13:00:00,11.23920711636902,0
2024-01-27 14:00:00,10.2365534854488,0
2024-01-27 15:00:00,9.727602751167861,0
2024-01-27 16:00:00,9.629502081836497,0
2024-01-27 17:00:00,2.564204420164087,1
2024-01-27 18:00:00,9.343347500268981,0
2024-01-27 19:00:00,9.069950233538211,0
2024-01-27 20:00:00,9.712393248285546,0
2024-01-27 21:00:00,10.118036616726682,0
2024-01-27 22:00:00,17.13224322791062,1
2024-01-27 23:00:00,11.339985703475033,0
2024-01-28 00:00:00,11.95325445496294,0
2024-01-28 01:00:00,12.898532143683951,0
2024-01-28 02:00:00,13.868245331019688,0
2024-01-28 03:00:00,14.19105103688143,0
2024-01-28 04:00:00,14.1922587120779,0
2024-01-28 05:00:00,14.214026864077676,0
2024-01-28 06:00:00,15.427216099487973,0
2024-01-28 07:00:00,14.61252394746822,0
2024-01-28 08:00:00,14.374586250584118,0
2024-01-28 09:00:00,13.991903765621087,0
2024-01-28 10:00:00,13.567425428230385,0
2024-01-28 11:00:00,12.888924586560682,0
2024-01-28 12:00:00,12.14079440664194,0
2024-01-28 13:00:00,11.529981085415757,0
2024-01-28 14:00:00,11.109901199442099,0
2024-01-28 15:00:00,10.467982366129414,0
2024-01-28 16:00:00,10.049278616207017,0
2024-01-28 17:00:00,2.8630653319608363,1
2024-01-28 18:00:00,9.91149008760869,0
2024-01-28 19:00:00,10.554654045121787,0
2024-01-28 20:00:00,9.58841173508008,0
2024-01-28 21:00:00,11.139113521727717,0
2024-01-28 22:00:00,11.734041482880098,0
2024-01-28 23:00:00,11.372022362100152,0
2024-01-29 00:00:00,12.569193721775878,0
2024-01-29 01:00:00,13.238528308378628,0
2024-01-29 02:00:00,13.561530566453753,0
2024-01-29 03:00:00,14.298993527571788,0
2024-01-29 04:00:00,14.627124568762287,0
2024-01-29 05:00:00,15.766224984480074,0
2024-01-29 06:00:00,15.636720265109288,0
2024-01-29 07:00:00,15.682336330302936,0
2024-01-29 08:00:00,15.297369268202782,0
2024-01-29 09:00:00,14.374274671165358,0
2024-01-29 10:00:00,14.066916739609256,0
2024-01-29 11:00:00,13.796773600580464,0
2024-01-29 12:00:00,12.664468648626507,0
2024-01-29 13:00:00,12.625666818913885,0
2024-01-29 14:00:00,5.708197898910415,1
2024-01-29 15:00:00,11.232412465981005,0
2024-01-29 16:00:00,11.186880527450864,0
2024-01-29 17:00:00,10.88252057618196,0
2024-01-29 18:00:00,10.580501991741263,0
2024-01-29 19:00:00,11.145814304309093,0
2024-01-29 20:00:00,10.74675568247566,0
2024-01-29 21:00:00,11.675699154066098,0
2024-01-29 22:00:00,12.208371874854402,0
2024-01-29 23:00:00,12.561465833965842,0
2024-01-30 00:00:00,13.419305092646988,0
2024-01-30 01:00:00,13.612391763654069,0
2024-01-30 02:00:00,14.886199125214842,0
2024-01-30 03:00:00,15.088675671416093,0
2024-01-30 04:00:00,15.401066926332907,0
2024-01-30 05:00:00,16.137809648277432,0
2024-01-30 06:00:00,15.711471987159108,0
2024-01-30 07:00:00,15.428525981509598,0
2024-01-30 08:00:00,15.146773756319309,0
2024-01-30 09:00:00,21.510510149821187,1
2024-01-30 10:00:00,14.336329438880025,0
2024-01-30 11:00:00,14.653226528382913,0
2024-01-30 12:00:00,12.8633635073803,0
2024-01-30 13:00:00,13.356942476317347,0
2024-01-30 14:00:00,12.314369901140937,0
2024-01-30 15:00:00,4.470408942654128,1
2024-01-30 16:00:00,11.181223802241169,0
2024-01-30 17:00:00,11.217366832413669,0
2024-01-30 18:00:00,11.002709589272547,0
2024-01-30 19:00:00,11.430616562713018,0
2024-01-30 20:00:00,11.38296782288246,0
2024-01-30 21:00:00,11.789293343386756,0
2024-01-30 22:00:00,12.149980997315925,0
2024-01-30 23:00:00,12.840921878714003,0
2024-01-31 00:00:00,13.592282860413096,0
2024-01-31 01:00:00,13.62773775599054,0
2024-01-31 02:00:00,14.332002617997126,0
2024-01-31 03:00:00,15.468852845419883,0
2024-01-31 04:00:00,15.685022139814825,0
2024-01-31 05:00:00,15.817869369512843,0
2024-01-31 06:00:00,15.952305274241553,0
2024-01-31 07:00:00,15.953381392134855,0
2024-01-31 08:00:00,15.423955928395852,0
2024-01-31 09:00:00,14.940654894728354,0
2024-01-31 10:00:00,14.699744595982084,0
2024-01-31 11:00:00,13.728214003285157,0
2024-01-31 12:00:00,13.479941012688775,0
2024-01-31 13:00:00,12.18155468448877,0
2024-01-31 14:00:00,6.37696400026915,1
2024-01-31 15:00:00,11.674697716706794,0
2024-01-31 16:00:00,11.191883601049836,0
2024-01-31 17:00:00,11.138822658483473,0
2024-01-31 18:00:00,11.236434174825758,0
2024-01-31 19:00:00,11.103552602241571,0
2024-01-31 20:00:00,10.473330267590285,0
2024-01-31 21:00:00,11.014985618225218,0
2024-01-31 22:00:00,11.704554426691288,0
2024-01-31 23:00:00,12.477594604925343,0
2024-02-01 00:00:00,13.246404697434748,0
2024-02-01 01:00:00,13.494238088266037,0
2024-02-01 02:00:00,14.344302848836247,0
2024-02-01 03:00:00,14.552375322824478,0
2024-02-01 04:00:00,14.965412308092258,0
2024-02-01 05:00:00,14.94887147275022,0
2024-02-01 06:00:00,15.151046773331782,0
2024-02-01 07:00:00,14.909038469768113,0
2024-02-01 08:00:00,14.74353534650884,0
2024-02-01 09:00:00,14.926431072831356,0
2024-02-01 10:00:00,13.778964408219586,0
2024-02-01 11:00:00,14.221675187628668,0
2024-02-01 12:00:00,12.90399537026426,0
2024-02-01 13:00:00,12.135490268931143,0
2024-02-01 14:00:00,11.190708591076518,0
2024-02-01 15:00:00,11.111754429973681,0
2024-02-01 16:00:00,10.303011329726619,0
2024-02-01 17:00:00,10.234059092940615,0
2024-02-01 18:00:00,10.85200861431559,0
2024-02-01 19:00:00,3.631249057917625,1
2024-02-01 20:00:00,10.707914348895866,0
2024-02-01 21:00:00,10.522056869931726,0
2024-02-01 22:00:00,11.213230633357746,0
2024-02-01 23:00:00,12.331278958478586,0
2024-02-02 00:00:00,12.232802891369605,0
2024-02-02 01:00:00,13.585967277536867,0
2024-02-02 02:00:00,13.832325580636661,0
2024-02-02 03:00:00,13.9444012589858,0
2024-02-02 04:00:00,14.676129784726854,0
2024-02-02 05:00:00,21.725473762434984,1
2024-02-02 06:00:00,14.961751147178173,0
2024-02-02 07:00:00,14.19691722073304,0
2024-02-02 08:00:00,14.178784166496934,0
2024-02-02 09:00:00,13.90482593735171,0
2024-02-02 10:00:00,13.419228473806141,0
2024-02-02 11:00:00,13.005871863505142,0
2024-02-02 12:00:00,12.207845114305599,0
2024-02-02 13:00:00,11.089670855817289,0
2024-02-02 14:00:00,10.985068335848997,0
2024-02-02 15:00:00,10.521029411236189,0
2024-02-02 16:00:00,10.09405330189068,0
2024-02-02 17:00:00,9.98712733714003,0
2024-02-02 18:00:00,9.815401552042736,0
2024-02-02 19:00:00,9.776689653349871,0
2024-02-02 20:00:00,9.857187778185901,0
2024-02-02 21:00:00,9.767838102732142,0
2024-02-02 22:00:00,10.904427221110824,0
2024-02-02 23:00:00,11.433518032361356,0
2024-02-03 00:00:00,12.09353132141315,0
2024-02-03 01:00:00,12.270969861423596,0
2024-02-03 02:00:00,12.928618376897392,0
2024-02-03 03:00:00,14.083743041051589,0
2024-02-03 04:00:00,14.15143392555916,0
2024-02-03 05:00:00,14.61682421110373,0
2024-02-03 06:00:00,21.31967658755808,1
2024-02-03 07:00:00,14.42330084374069,0
2024-02-03 08:00:00,14.448785613508939,0
2024-02-03 09:00:00,13.61898376658658,0
2024-02-03 10:00:00,13.289771572102254,0
2024-02-03 11:00:00,12.52531184755814,0
2024-02-03 12:00:00,11.893708802024877,0
2024-02-03 13:00:00,11.292460089171858,0
2024-02-03 14:00:00,10.858181886861253,0
2024-02-03 15:00:00,10.14050179628787,0
2024-02-03 16:00:00,10.274964329295603,0
2024-02-03 17:00:00,9.392553438915511,0
2024-02-03 18:00:00,9.533163412429657,0
2024-02-03 19:00:00,3.020625066501558,1
2024-02-03 20:00:00,10.388209532817474,0
2024-02-03 21:00:00,10.42682012060444,0
2024-02-03 22:00:00,11.212562342387832,0
2024-02-03 23:00:00,11.078606051519264,0
2024-02-04 00:00:00,12.270649893786297,0
2024-02-04 01:00:00,13.124559472926935,0
2024-02-04 02:00:00,13.506243699318757,0
2024-02-04 03:00:00,14.340725640536741,0
2024-02-04 04:00:00,14.285738784214228,0
2024-02-04 05:00:00,15.136788868755822,0
2024-02-04 06:00:00,15.512877595598791,0
2024-02-04 07:00:00,14.653906849131983,0
2024-02-04 08:00:00,14.404756706589978,0
2024-02-04 09:00:00,14.603156634889412,0
2024-02-04 10:00:00,14.1498716437192,0
2024-02-04 11:00:00,12.943374701991905,0
2024-02-04 12:00:00,12.354836963577275,0
2024-02-04 13:00:00,11.777503385129746,0
2024-02-04 14:00:00,10.884392027196634,0
2024-02-04 15:00:00,10.52341421352425,0
2024-02-04 16:00:00,10.12989012098456,0
2024-02-04 17:00:00,9.980790928664067,0
2024-02-04 18:00:00,10.14557778661891,0
2024-02-04 19:00:00,10.341720568307931,0
2024-02-04 20:00:00,11.016852825442196,0
2024-02-04 21:00:00,10.680155253929325,0
2024-02-04 22:00:00,11.823512644673825,0
2024-02-04 23:00:00,12.097842778554924,0
2024-02-05 00:00:00,12.8251608871043,0
2024-02-05 01:00:00,13.720406415827325,0
2024-02-05 02:00:00,13.81496746840039,0
2024-02-05 03:00:00,14.81506145770425,0
2024-02-05 04:00:00,7.441413936972073,1
2024-02-05 05:00:00,15.556279230655445,0
2024-02-05 06:00:00,15.610767340337395,0
2024-02-05 07:00:00,16.205459843777945,0
2024-02-05 08:00:00,15.057545653714431,0
2024-02-05 09:00:00,14.72169111603,0
2024-02-05 10:00:00,14.205330661565714,0
2024-02-05 11:00:00,13.651318096464033,0
2024-02-05 12:00:00,13.007890853102086,0
2024-02-05 13:00:00,12.936472249194455,0
2024-02-05 14:00:00,12.430151274396914,0
2024-02-05 15:00:00,11.341634820121062,0
2024-02-05 16:00:00,4.039643389154097,1
2024-02-05 17:00:00,11.058666249652056,0
2024-02-05 18:00:00,10.691124928202697,0
2024-02-05 19:00:00,11.155894908626479,0
2024-02-05 20:00:00,11.299951587011009,0
2024-02-05 21:00:00,11.204195237483637,0
2024-02-05 22:00:00,12.662693057862885,0
2024-02-05 23:00:00,13.361093067688671,0
2024-02-06 00:00:00,13.305628578829086,0
2024-02-06 01:00:00,14.039415368588841,0
2024-02-06 02:00:00,14.862750636670283,0
2024-02-06 03:00:00,15.412483349345083,0
2024-02-06 04:00:00,15.923447114290457,0
2024-02-06 05:00:00,16.594168242156265,0
2024-02-06 06:00:00,16.03769092607372,0
2024-02-06 07:00:00,15.779575197057119,0
2024-02-06 08:00:00,15.367966739972132,0
2024-02-06 09:00:00,15.176594605230466,0
2024-02-06 10:00:00,14.878520152766791,0
2024-02-06 11:00:00,14.83315563284296,0
2024-02-06 12:00:00,13.500658940034587,0
2024-02-06 13:00:00,13.083141951322027,0
2024-02-06 14:00:00,12.414137792158282,0
2024-02-06 15:00:00,20.154570085046863,1
2024-02-06 16:00:00,12.270779256045916,0
2024-02-06 17:00:00,11.106365366231955,0
2024-02-06 18:00:00,11.035168167244533,0
2024-02-06 19:00:00,11.58087426122876,0
2024-02-06 20:00:00,11.721266975171732,0
2024-02-06 21:00:00,12.466215012669037,0
2024-02-06 22:00:00,12.602243116577851,0
2024-02-06 23:00:00,12.918217938594255,0
2024-02-07 00:00:00,13.845138778953148,0
2024-02-07 01:00:00,14.641399347962377,0
2024-02-07 02:00:00,15.150602898988096,0
2024-02-07 03:00:00,15.566055826545243,0
2024-02-07 04:00:00,16.121764915253213,0
2024-02-07 05:00:00,16.391853047552345,0
2024-02-07 06:00:00,16.529422791633195,0
2024-02-07 07:00:00,16.211719846803252,0
2024-02-07 08:00:00,15.703748408393617,0
2024-02-07 09:00:00,15.38616041827901,0
2024-02-07 10:00:00,15.170943709405304,0
2024-02-07 11:00:00,13.94464513527345,0
2024-02-07 12:00:00,13.63606717863633,0
2024-02-07 13:00:00,12.74232812206193,0
2024-02-07 14:00:00,12.247064944344297,0
2024-02-07 15:00:00,12.084454030765087,0
2024-02-07 16:00:00,11.340404401161617,0
2024-02-07 17:00:00,11.025946327746688,0
2024-02-07 18:00:00,10.496834999193013,0
2024-02-07 19:00:00,3.2142756646173307,1
2024-02-07 20:00:00,11.387237791332087,0
2024-02-07 21:00:00,12.215835125237552,0
2024-02-07 22:00:00,11.967666529514073,0
2024-02-07 23:00:00,12.703512388161323,0
2024-02-08 00:00:00,13.333922096407216,0
2024-02-08 01:00:00,7.0255482664357185,1
2024-02-08 02:00:00,14.427684159777018,0
2024-02-08 03:00:00,15.030696660261563,0
2024-02-08 04:00:00,15.49923660190476,0
2024-02-08 05:00:00,15.594852538751589,0
2024-02-08 06:00:00,15.462086662799896,0
2024-02-08 07:00:00,15.540770849322508,0
2024-02-08 08:00:00,15.526386847359944,0
2024-02-08 09:00:00,14.470383944025702,0
2024-02-08 10:00:00,14.271674977113255,0
2024-02-08 11:00:00,13.389924323695645,0
2024-02-08 12:00:00,13.282513988677465,0
2024-02-08 13:00:00,11.7910833603875,0
2024-02-08 14:00:00,11.448539370949426,0
2024-02-08 15:00:00,11.182825028670408,0
2024-02-08 16:00:00,11.113359886368267,0
2024-02-08 17:00:00,10.345731070225117,0
2024-02-08 18:00:00,10.08542339482699,0
2024-02-08 19:00:00,10.873477319027486,0
2024-02-08 20:00:00,10.096728180885316,0
2024-02-08 21:00:00,10.24136801048345,0
2024-02-08 22:00:00,11.52373151552281,0
2024-02-08 23:00:00,11.817422500482127,0
2024-02-09 00:00:00,12.2825231635667,0
2024-02-09 01:00:00,13.422739644327642,0
2024-02-09 02:00:00,13.861140214131302,0
2024-02-09 03:00:00,14.111917702533095,0
2024-02-09 04:00:00,14.270316143408918,0
2024-02-09 05:00:00,15.142495615747897,0
2024-02-09 06:00:00,15.138268511900609,0
2024-02-09 07:00:00,14.806231877566367,0
2024-02-09 08:00:00,22.97971325839732,1
2024-02-09 09:00:00,13.826056098119329,0
2024-02-09 10:00:00,13.151900951258689,0
2024-02-09 11:00:00,12.780097813275587,0
2024-02-09 12:00:00,12.308859009118999,0
2024-02-09 13:00:00,11.731275998227217,0
2024-02-09 14:00:00,10.966638163190325,0
2024-02-09 15:00:00,10.611470306605296,0
2024-02-09 16:00:00,9.718654340254247,0
2024-02-09 17:00:00,2.27885890972008,1
2024-02-09 18:00:00,9.708579552160295,0
2024-02-09 19:00:00,10.142124379057773,0
2024-02-09 20:00:00,10.149055095536829,0
2024-02-09 21:00:00,10.57115234853306,0
2024-02-09 22:00:00,11.114471939440753,0
2024-02-09 23:00:00,11.673524294217595,0
2024-02-10 00:00:00,12.372874498214708,0
2024-02-10 01:00:00,5.801862463941449,1
2024-02-10 02:00:00,13.479891689930291,0
2024-02-10 03:00:00,14.148498312328305,0
2024-02-10 04:00:00,14.30437976342998,0
2024-02-10 05:00:00,15.012409166526796,0
2024-02-10 06:00:00,14.463082309382218,0
2024-02-10 07:00:00,15.122656131765218,0
2024-02-10 08:00:00,14.323253086522845,0
2024-02-10 09:00:00,13.512564654416392,0
2024-02-10 10:00:00,13.467366663493154,0
2024-02-10 11:00:00,12.627678936927209,0
2024-02-10 12:00:00,12.44425073495114,0
2024-02-10 13:00:00,11.357424532421755,0
2024-02-10 14:00:00,10.825686725406722,0
2024-02-10 15:00:00,9.885264163503267,0
2024-02-10 16:00:00,9.930545595848837,0
2024-02-10 17:00:00,9.101771831592664,0
2024-02-10 18:00:00,9.282054058632344,0
2024-02-10 19:00:00,10.08501751631692,0
2024-02-10 20:00:00,10.357856215106592,0
2024-02-10 21:00:00,10.663490956186491,0
2024-02-10 22:00:00,10.780916137608457,0
2024-02-10 23:00:00,11.677960756587812,0
2024-02-11 00:00:00,12.357454052298326,0
2024-02-11 01:00:00,12.678160827482118,0
2024-02-11 02:00:00,14.100577993066253,0
2024-02-11 03:00:00,14.452290215189823,0
2024-02-11 04:00:00,14.542636067095465,0
2024-02-11 05:00:00,14.890050388398501,0
2024-02-11 06:00:00,15.053723000897277,0
2024-02-11 07:00:00,14.318237956736601,0
2024-02-11 08:00:00,14.63225424825404,0
2024-02-11 09:00:00,14.13054601735478,0
2024-02-11 10:00:00,13.543513997031532,0
2024-02-11 11:00:00,13.183902622272049,0
2024-02-11 12:00:00,13.188198966760913,0
2024-02-11 13:00:00,12.22229162616795,0
2024-02-11 14:00:00,11.284373483572098,0
2024-02-11 15:00:00,11.138784631876371,0
2024-02-11 16:00:00,11.018938981985986,0
2024-02-11 17:00:00,10.65652030306914,0
2024-02-11 18:00:00,16.883160247774534,1
2024-02-11 19:00:00,10.245375115235296,0
2024-02-11 20:00:00,10.929169671682073,0
2024-02-11 21:00:00,4.843455196661398,1
2024-02-11 22:00:00,11.964773891139151,0
2024-02-11 23:00:00,12.520590972327213,0
2024-02-12 00:00:00,13.32286581459581,0
2024-02-12 01:00:00,13.525390004709225,0
2024-02-12 02:00:00,14.715002294559357,0
2024-02-12 03:00:00,14.927618415256683,0
2024-02-12 04:00:00,15.91887558418959,0
2024-02-12 05:00:00,15.369787506026126,0
2024-02-12 06:00:00,16.212805888114623,0
2024-02-12 07:00:00,15.696243036843477,0
2024-02-12 08:00:00,15.221442247905465,0
2024-02-12 09:00:00,14.903824452314261,0
2024-02-12 10:00:00,14.464168627034867,0
2024-02-12 11:00:00,14.113211016132706,0
2024-02-12 12:00:00,13.523957637704715,0
2024-02-12 13:00:00,12.575657288680569,0
2024-02-12 14:00:00,12.164693622321803,0
2024-02-12 15:00:00,12.323539815829424,0
2024-02-12 16:00:00,11.827855488020052,0
2024-02-12 17:00:00,11.216138683638352,0
2024-02-12 18:00:00,11.036192884937448,0
2024-02-12 19:00:00,11.1700247613153,0
2024-02-12 20:00:00,11.59113007257477,0
2024-02-12 21:00:00,11.520080702423268,0
2024-02-12 22:00:00,12.289228536236905,0
2024-02-12 23:00:00,12.489754543596721,0
2024-02-13 00:00:00,13.777232122755963,0
2024-02-13 01:00:00,14.517884618480434,0
2024-02-13 02:00:00,14.800035080762983,0
2024-02-13 03:00:00,15.95234234133602,0
2024-02-13 04:00:00,15.526154133587895,0
2024-02-13 05:00:00,15.719794416463428,0
2024-02-13 06:00:00,16.326110639889926,0
2024-02-13 07:00:00,16.501193861202307,0
2024-02-13 08:00:00,16.454940815813828,0
2024-02-13 09:00:00,15.426208338352376,0
2024-02-13 10:00:00,15.380062494658276,0
2024-02-13 11:00:00,14.451235732937432,0
2024-02-13 12:00:00,13.772154139763284,0
2024-02-13 13:00:00,13.44910354707638,0
2024-02-13 14:00:00,12.782761524504153,0
2024-02-13 15:00:00,11.601285167852957,0
2024-02-13 16:00:00,12.123661633201609,0
2024-02-13 17:00:00,11.847653404352274,0
2024-02-13 18:00:00,11.162331189547142,0
2024-02-13 19:00:00,11.554367058139256,0
2024-02-13 20:00:00,11.83290858416865,0
2024-02-13 21:00:00,12.158404944695384,0
2024-02-13 22:00:00,12.42997311482648,0
2024-02-13 23:00:00,12.992518555448799,0
2024-02-14 00:00:00,13.828276108448069,0
2024-02-14 01:00:00,14.828606979565292,0
2024-02-14 02:00:00,15.235538291007195,0
2024-02-14 03:00:00,15.470689317587208,0
2024-02-14 04:00:00,16.20127212157096,0
2024-02-14 05:00:00,15.354501584229629,0
2024-02-14 06:00:00,16.627404804433567,0
2024-02-14 07:00:00,15.663192746892914,0
2024-02-14 08:00:00,15.813151550067744,0
2024-02-14 09:00:00,15.174245343961186,0
2024-02-14 10:00:00,14.588586576736548,0
2024-02-14 11:00:00,14.705973872783199,0
2024-02-14 12:00:00,13.553154825580842,0
2024-02-14 13:00:00,13.132280930279377,0
2024-02-14 14:00:00,12.392365323800055,0
2024-02-14 15:00:00,19.80341060868308,1
2024-02-14 16:00:00,11.474121248073732,0
2024-02-14 17:00:00,10.795117696043263,0
2024-02-14 18:00:00,11.37167188732113,0
2024-02-14 19:00:00,10.987114607787744,0
2024-02-14 20:00:00,10.894617967391829,0
2024-02-14 21:00:00,18.718805545216103,1
2024-02-14 22:00:00,12.678227937190247,0
2024-02-14 23:00:00,13.060833812496169,0
2024-02-15 00:00:00,6.391837483092707,1
2024-02-15 01:00:00,13.943183920916576,0
2024-02-15 02:00:00,14.527782304127932,0
2024-02-15 03:00:00,15.738014597598692,0
2024-02-15 04:00:00,23.251577653755824,1
2024-02-15 05:00:00,15.835882295961996,0
2024-02-15 06:00:00,16.073101783374607,0
2024-02-15 07:00:00,8.905269436343993,1
2024-02-15 08:00:00,15.294584678655813,0
2024-02-15 09:00:00,14.887433579123494,0
2024-02-15 10:00:00,20.72759806883765,1
2024-02-15 11:00:00,13.756793897224465,0
2024-02-15 12:00:00,13.31028886309113,0
2024-02-15 13:00:00,6.352839530179204,1
2024-02-15 14:00:00,12.004007948295532,0
2024-02-15 15:00:00,11.213446492118495,0
2024-02-15 16:00:00,10.835293234692767,0
2024-02-15 17:00:00,9.933995943187385,0
2024-02-15 18:00:00,10.694881555245694,0
2024-02-15 19:00:00,10.581076740964699,0
2024-02-15 20:00:00,10.998535383968072,0
2024-02-15 21:00:00,10.200133184011406,0
2024-02-15 22:00:00,12.18623959194101,0
2024-02-15 23:00:00,12.094161879341407,0
2024-02-16 00:00:00,13.089347853727146,0
2024-02-16 01:00:00,13.066260932000157,0
2024-02-16 02:00:00,14.139832171518755,0
2024-02-16 03:00:00,14.133116622802003,0
2024-02-16 04:00:00,14.635276774801472,0
2024-02-16 05:00:00,15.62296782342388,0
2024-02-16 06:00:00,15.054003438284006,0
2024-02-16 07:00:00,15.069214498654107,0
2024-02-16 08:00:00,14.993945638451006,0
2024-02-16 09:00:00,14.463786094408922,0
2024-02-16 10:00:00,13.822684174079203,0
2024-02-16 11:00:00,13.26515853497978,0
2024-02-16 12:00:00,13.211559489597152,0
2024-02-16 13:00:00,11.808988524320354,0
2024-02-16 14:00:00,11.267338694561735,0
2024-02-16 15:00:00,10.989050006453306,0
2024-02-16 16:00:00,10.593773947398754,0
2024-02-16 17:00:00,10.35500221114175,0
2024-02-16 18:00:00,10.09284397228682,0
2024-02-16 19:00:00,9.632034155762183,0
2024-02-16 20:00:00,10.704266951313837,0
2024-02-16 21:00:00,10.258222764881301,0
2024-02-16 22:00:00,11.20233239494278,0
2024-02-16 23:00:00,11.480928971206641,0
2024-02-17 00:00:00,12.328816166276525,0
2024-02-17 01:00:00,13.08862315726076,0
2024-02-17 02:00:00,13.685342503654915,0
2024-02-17 03:00:00,14.230373411322324,0
2024-02-17 04:00:00,14.98341385243373,0
2024-02-17 05:00:00,14.884434292346144,0
2024-02-17 06:00:00,14.760753009412806,0
2024-02-17 07:00:00,15.039600152378487,0
2024-02-17 08:00:00,14.860141618393518,0
2024-02-17 09:00:00,13.741514840510725,0
2024-02-17 10:00:00,13.776155359974894,0
2024-02-17 11:00:00,19.71639893870347,1
2024-02-17 12:00:00,12.270788619246547,0
2024-02-17 13:00:00,12.133923770205909,0
2024-02-17 14:00:00,11.082525079261416,0
2024-02-17 15:00:00,10.657799318828356,0
2024-02-17 16:00:00,10.18231594433841,0
2024-02-17 17:00:00,10.001609343855797,0
2024-02-17 18:00:00,9.596342379609501,0
2024-02-17 19:00:00,9.592877854695358,0
2024-02-17 20:00:00,10.768467686478857,0
2024-02-17 21:00:00,10.44976528315544,0
2024-02-17 22:00:00,10.94159127571025,0
2024-02-17 23:00:00,11.2142571293492,0
2024-02-18 00:00:00,12.334846289718694,0
2024-02-18 01:00:00,12.79674329621768,0
2024-02-18 02:00:00,21.577586250108116,1
2024-02-18 03:00:00,14.660026654819946,0
2024-02-18 04:00:00,14.570480215691,0
2024-02-18 05:00:00,15.725715378303445,0
2024-02-18 06:00:00,15.453737804610494,0
2024-02-18 07:00:00,15.001309002211288,0
2024-02-18 08:00:00,14.124585748548123,0
2024-02-18 09:00:00,15.190424063531408,0
2024-02-18 10:00:00,13.595128259970886,0
2024-02-18 11:00:00,12.94261308605086,0
2024-02-18 12:00:00,13.123664138308898,0
2024-02-18 13:00:00,12.92996448968972,0
2024-02-18 14:00:00,12.03900902606005,0
2024-02-18 15:00:00,11.304182533485198,0
2024-02-18 16:00:00,10.945558653509817,0
2024-02-18 17:00:00,10.803154865829391,0
2024-02-18 18:00:00,10.719661829770978,0
2024-02-18 19:00:00,10.691813575737795,0
2024-02-18 20:00:00,10.918963008783507,0
2024-02-18 21:00:00,11.296883527781127,0
2024-02-18 22:00:00,11.63802654847087,0
2024-02-18 23:00:00,12.413836908762502,0
2024-02-19 00:00:00,12.668112955741442,0
2024-02-19 01:00:00,13.824458680138878,0
2024-02-19 02:00:00,14.191206742723825,0
2024-02-19 03:00:00,14.705261738684264,0
2024-02-19 04:00:00,15.518265567748077,0
2024-02-19 05:00:00,16.16214453735639,0
2024-02-19 06:00:00,16.135511728965742,0
2024-02-19 07:00:00,15.333719620717748,0
2024-02-19 08:00:00,15.287979208018749,0
2024-02-19 09:00:00,15.49922155892699,0
2024-02-19 10:00:00,14.433526601431629,0
2024-02-19 11:00:00,14.086571287212976,0
2024-02-19 12:00:00,13.700122621001382,0
2024-02-19 13:00:00,12.625263953403142,0
2024-02-19 14:00:00,12.371612651843844,0
2024-02-19 15:00:00,11.44865105977047,0
2024-02-19 16:00:00,11.29718224380445,0
2024-02-19 17:00:00,11.349176162978889,0
2024-02-19 18:00:00,18.302529929243562,1
2024-02-19 19:00:00,11.434157784687953,0
2024-02-19 20:00:00,11.569183341077592,0
2024-02-19 21:00:00,12.16066545830797,0
2024-02-19 22:00:00,12.601615737683227,0
2024-02-19 23:00:00,13.567571894752199,0
2024-02-20 00:00:00,13.8630325367688,0
2024-02-20 01:00:00,14.362904174231947,0
2024-02-20 02:00:00,15.14968027036252,0
2024-02-20 03:00:00,15.811135721059863,0
2024-02-20 04:00:00,16.076541853586335,0
2024-02-20 05:00:00,16.339284387887517,0
2024-02-20 06:00:00,16.21617758797991,0
2024-02-20 07:00:00,16.156194095153364,0
2024-02-20 08:00:00,15.696980926836604,0
2024-02-20 09:00:00,16.256746640169105,0
2024-02-20 10:00:00,14.851299274011584,0
2024-02-20 11:00:00,14.422916714448828,0
2024-02-20 12:00:00,13.776420150074719,0
2024-02-20 13:00:00,13.620482878913661,0
2024-02-20 14:00:00,12.666579757492478,0
2024-02-20 15:00:00,12.616525436750416,0
2024-02-20 16:00:00,11.646652341010725,0
2024-02-20 17:00:00,11.685324246775204,0
2024-02-20 18:00:00,11.267395884022074,0
2024-02-20 19:00:00,19.741327270698118,1
2024-02-20 20:00:00,11.496420002575,0
2024-02-20 21:00:00,12.341149028016355,0
2024-02-20 22:00:00,12.953197725259653,0
2024-02-20 23:00:00,19.58873299302814,1
2024-02-21 00:00:00,13.948356032082097,0
2024-02-21 01:00:00,14.6058420638675,0
2024-02-21 02:00:00,15.253601686222641,0
2024-02-21 03:00:00,15.705773016724528,0
2024-02-21 04:00:00,16.42692624341495,0
2024-02-21 05:00:00,17.040221270896033,0
2024-02-21 06:00:00,16.283527558819586,0
2024-02-21 07:00:00,15.942165986652645,0
2024-02-21 08:00:00,16.06339921798328,0
2024-02-21 09:00:00,16.45205911364529,0
2024-02-21 10:00:00,14.903888649061981,0
2024-02-21 11:00:00,15.017460878202813,0
2024-02-21 12:00:00,14.364775430197433,0
2024-02-21 13:00:00,13.030253293247716,0
2024-02-21 14:00:00,12.745136421219472,0
2024-02-21 15:00:00,12.525437458921441,0
2024-02-21 16:00:00,11.505336358459386,0
2024-02-21 17:00:00,11.286941255269147,0
2024-02-21 18:00:00,11.066287567302394,0
2024-02-21 19:00:00,10.998814563528255,0
2024-02-21 20:00:00,11.334809273469975,0
2024-02-21 21:00:00,11.53567662821721,0
2024-02-21 22:00:00,12.406225040477764,0
2024-02-21 23:00:00,12.742775320544574,0
2024-02-22 00:00:00,13.665242764831168,0
2024-02-22 01:00:00,13.749192538351064,0
2024-02-22 02:00:00,14.891536889157402,0
2024-02-22 03:00:00,15.53304889101315,0
2024-02-22 04:00:00,15.054746956218379,0
2024-02-22 05:00:00,15.98708677275896,0
2024-02-22 06:00:00,16.30031744490704,0
2024-02-22 07:00:00,15.455651545845665,0
2024-02-22 08:00:00,16.042069038453388,0
2024-02-22 09:00:00,15.240044236658866,0
2024-02-22 10:00:00,14.356280518141647,0
2024-02-22 11:00:00,13.919229844880059,0
2024-02-22 12:00:00,13.427498073756503,0
2024-02-22 13:00:00,12.60684104924633,0
2024-02-22 14:00:00,12.113842722864845,0
2024-02-22 15:00:00,11.129459388227223,0
2024-02-22 16:00:00,11.030510924808809,0
2024-02-22 17:00:00,10.277341799475511,0
2024-02-22 18:00:00,10.554615434430339,0
2024-02-22 19:00:00,10.373957905755848,0
2024-02-22 20:00:00,10.646473368233272,0
2024-02-22 21:00:00,11.607837750032575,0
2024-02-22 22:00:00,12.055120216685115,0
2024-02-22 23:00:00,12.486780204060022,0
2024-02-23 00:00:00,12.597199179304168,0
2024-02-23 01:00:00,13.451310175229423,0
2024-02-23 02:00:00,14.487929309993659,0
2024-02-23 03:00:00,14.659656365846107,0
2024-02-23 04:00:00,15.686206325004674,0
2024-02-23 05:00:00,15.33475376908217,0
2024-02-23 06:00:00,15.336822893460026,0
2024-02-23 07:00:00,15.079249697439424,0
2024-02-23 08:00:00,14.94098759067904,0
2024-02-23 09:00:00,14.437340577103043,0
2024-02-23 10:00:00,14.157991105542665,0
2024-02-23 11:00:00,13.610680929278377,0
2024-02-23 12:00:00,12.422737975873234,0
2024-02-23 13:00:00,11.594904277363051,0
2024-02-23 14:00:00,10.824147368616213,0
2024-02-23 15:00:00,10.994251085724752,0
2024-02-23 16:00:00,10.09910618565924,0
2024-02-23 17:00:00,9.521025941587919,0
2024-02-23 18:00:00,10.185798487037355,0
2024-02-23 19:00:00,10.890835484811179,0
2024-02-23 20:00:00,17.758591525658026,1
2024-02-23 21:00:00,11.021673615122435,0
2024-02-23 22:00:00,11.304090562935384,0
2024-02-23 23:00:00,11.845544830255015,0
2024-02-24 00:00:00,12.791780615150802,0
2024-02-24 01:00:00,13.070912070913032,0
2024-02-24 02:00:00,13.837153033241446,0
2024-02-24 03:00:00,14.368306526910574,0
2024-02-24 04:00:00,14.466873335623177,0
2024-02-24 05:00:00,15.213986706752918,0
2024-02-24 06:00:00,14.949512072991377,0
2024-02-24 07:00:00,14.691650454044112,0
2024-02-24 08:00:00,14.832253424787293,0
2024-02-24 09:00:00,14.008256790514476,0
2024-02-24 10:00:00,13.773389686230631,0
2024-02-24 11:00:00,13.165258735176524,0
2024-02-24 12:00:00,12.853826340003968,0
2024-02-24 13:00:00,12.031621196076498,0
2024-02-24 14:00:00,11.28803366774759,0
2024-02-24 15:00:00,11.033456272547046,0
2024-02-24 16:00:00,10.819299756328807,0
2024-02-24 17:00:00,10.332278721486905,0
2024-02-24 18:00:00,10.09633069163108,0
2024-02-24 19:00:00,9.799342249768568,0
2024-02-24 20:00:00,10.13858206858871,0
2024-02-24 21:00:00,10.780286276344674,0
2024-02-24 22:00:00,11.224155319899399,0
2024-02-24 23:00:00,11.97218277253473,0
2024-02-25 00:00:00,12.71152979149458,0
2024-02-25 01:00:00,13.520578060546857,0
2024-02-25 02:00:00,13.964408869118463,0
2024-02-25 03:00:00,14.671032021164947,0
2024-02-25 04:00:00,14.964267643687377,0
2024-02-25 05:00:00,14.625344666794009,0
2024-02-25 06:00:00,15.045407540367385,0
2024-02-25 07:00:00,15.223532150547378,0
2024-02-25 08:00:00,14.679499040157845,0
2024-02-25 09:00:00,14.851119910753011,0
2024-02-25 10:00:00,8.171599583517025,1
2024-02-25 11:00:00,13.969861265647205,0
2024-02-25 12:00:00,12.920860147426895,0
2024-02-25 13:00:00,12.813256608842876,0
2024-02-25 14:00:00,11.836327417667604,0
2024-02-25 15:00:00,11.201884006134145,0
2024-02-25 16:00:00,10.75111155194786,0
2024-02-25 17:00:00,10.624389292248884,0
2024-02-25 18:00:00,10.54353020727258,0
2024-02-25 19:00:00,10.826581015259647,0
2024-02-25 20:00:00,11.103874871912863,0
2024-02-25 21:00:00,11.484575272197041,0
2024-02-25 22:00:00,12.163297376054691,0
2024-02-25 23:00:00,13.023233314258482,0
2024-02-26 00:00:00,13.62886624063236,0
2024-02-26 01:00:00,13.576491177642238,0
2024-02-26 02:00:00,13.889607734398558,0
2024-02-26 03:00:00,15.484634507220818,0
2024-02-26 04:00:00,15.222233712877363,0
2024-02-26 05:00:00,15.845114230885178,0
2024-02-26 06:00:00,15.676982839347247,0
2024-02-26 07:00:00,15.432275670530682,0
2024-02-26 08:00:00,15.915306467451263,0
2024-02-26 09:00:00,15.612736750621378,0
2024-02-26 10:00:00,14.723319699275185,0
2024-02-26 11:00:00,13.544648544568563,0
2024-02-26 12:00:00,13.539233656818357,0
2024-02-26 13:00:00,13.201308491482948,0
2024-02-26 14:00:00,12.064326529367777,0
2024-02-26 15:00:00,12.071866684179744,0
2024-02-26 16:00:00,11.640999582237889,0
2024-02-26 17:00:00,11.595029032616447,0
2024-02-26 18:00:00,11.396665952011228,0
2024-02-26 19:00:00,11.178094681035347,0
2024-02-26 20:00:00,12.102046131254895,0
2024-02-26 21:00:00,12.115359600074768,0
2024-02-26 22:00:00,12.69425013561089,0
2024-02-26 23:00:00,13.046349378037991,0
2024-02-27 00:00:00,13.860480510616881,0
2024-02-27 01:00:00,14.39428502236164,0
2024-02-27 02:00:00,15.22910720147573,0
2024-02-27 03:00:00,23.534557740324857,1
2024-02-27 04:00:00,15.818313489609242,0
2024-02-27 05:00:00,16.011038461163302,0
2024-02-27 06:00:00,17.036126192570013,0
2024-02-27 07:00:00,16.46026726727311,0
2024-02-27 08:00:00,16.085040686778516,0
2024-02-27 09:00:00,16.211845023431913,0
2024-02-27 10:00:00,15.21077358270799,0
2024-02-27 11:00:00,15.34659118785163,0
2024-02-27 12:00:00,14.363320091147214,0
2024-02-27 13:00:00,13.37363214338671,0
2024-02-27 14:00:00,13.570257124959817,0
2024-02-27 15:00:00,12.228488338047159,0
2024-02-27 16:00:00,12.239328139886654,0
2024-02-27 17:00:00,11.859413772229997,0
2024-02-27 18:00:00,12.07652238681964,0
2024-02-27 19:00:00,12.240079357126078,0
2024-02-27 20:00:00,12.030300773003606,0
2024-02-27 21:00:00,12.190177453844324,0
2024-02-27 22:00:00,13.069056303861801,0
2024-02-27 23:00:00,13.326690954904675,0
2024-02-28 00:00:00,14.775958504003304,0
2024-02-28 01:00:00,14.8537488731124,0
2024-02-28 02:00:00,15.298861779235317,0
2024-02-28 03:00:00,15.973277708972482,0
2024-02-28 04:00:00,15.901624621517524,0
2024-02-28 05:00:00,16.25358015886541,0
2024-02-28 06:00:00,16.978899266705263,0
2024-02-28 07:00:00,16.32403859683494,0
2024-02-28 08:00:00,15.943810537684124,0
2024-02-28 09:00:00,16.007142138107245,0
2024-02-28 10:00:00,15.668702265851634,0
2024-02-28 11:00:00,14.909411829769208,0
2024-02-28 12:00:00,14.328279491716195,0
2024-02-28 13:00:00,13.137291239189224,0
2024-02-28 14:00:00,12.315898297441422,0
2024-02-28 15:00:00,12.655318567569491,0
2024-02-28 16:00:00,11.690270729103045,0
2024-02-28 17:00:00,11.44076545836333,0
2024-02-28 18:00:00,11.807250084041705,0
2024-02-28 19:00:00,11.638110585556289,0
2024-02-28 20:00:00,11.834358868614284,0
2024-02-28 21:00:00,12.720359411716242,0
2024-02-28 22:00:00,12.370944530885879,0
2024-02-28 23:00:00,13.420119328286445,0
2024-02-29 00:00:00,13.780210928763257,0
2024-02-29 01:00:00,14.464538915871044,0
2024-02-29 02:00:00,15.418813347416867,0
2024-02-29 03:00:00,15.603340929417396,0
2024-02-29 04:00:00,15.982356472704659,0
2024-02-29 05:00:00,16.364622002997642,0
2024-02-29 06:00:00,15.990530928302189,0
2024-02-29 07:00:00,15.734780951251313,0
2024-02-29 08:00:00,15.394854564195736,0
2024-02-29 09:00:00,14.692431557036326,0
2024-02-29 10:00:00,15.352646213851225,0
2024-02-29 11:00:00,13.772998058460814,0
2024-02-29 12:00:00,13.361623912924355,0
2024-02-29 13:00:00,12.668995441856021,0
2024-02-29 14:00:00,12.212437934473499,0
2024-02-29 15:00:00,17.908376272383634,1
2024-02-29 16:00:00,11.405844724105886,0
2024-02-29 17:00:00,10.694532916976348,0
2024-02-29 18:00:00,10.705846738699025,0
2024-02-29 19:00:00,10.897904183341819,0
2024-02-29 20:00:00,10.960525013155097,0
2024-02-29 21:00:00,11.887213470275476,0
2024-02-29 22:00:00,12.043019665998347,0
2024-02-29 23:00:00,12.692502103602727,0
2024-03-01 00:00:00,13.291757389306213,0
2024-03-01 01:00:00,14.066274867383504,0
2024-03-01 02:00:00,14.346306467611058,0
2024-03-01 03:00:00,14.396091707367315,0
2024-03-01 04:00:00,15.27831384853591,0
2024-03-01 05:00:00,15.189351349126321,0
2024-03-01 06:00:00,15.288623153988084,0
2024-03-01 07:00:00,15.515893842326733,0
2024-03-01 08:00:00,15.440410240674494,0
2024-03-01 09:00:00,14.65746300103789,0
2024-03-01 10:00:00,14.206208406315861,0
2024-03-01 11:00:00,14.002334717630525,0
2024-03-01 12:00:00,12.898760767872139,0
2024-03-01 13:00:00,12.942779097684591,0
2024-03-01 14:00:00,11.712661874236625,0
2024-03-01 15:00:00,10.481624859904311,0
2024-03-01 16:00:00,10.824118653842737,0
2024-03-01 17:00:00,10.449240634938482,0
2024-03-01 18:00:00,10.62415073190289,0
2024-03-01 19:00:00,17.601287359969746,1
2024-03-01 20:00:00,10.508700696428427,0
2024-03-01 21:00:00,10.57083691190007,0
2024-03-01 22:00:00,11.384834778185226,0
2024-03-01 23:00:00,11.78805558994975,0
2024-03-02 00:00:00,12.509900635313107,0
2024-03-02 01:00:00,13.502567955495856,0
2024-03-02 02:00:00,14.425906690325217,0
2024-03-02 03:00:00,14.558198643998601,0
2024-03-02 04:00:00,14.476535553105629,0
2024-03-02 05:00:00,15.217754802357979,0
2024-03-02 06:00:00,15.528989445993695,0
2024-03-02 07:00:00,14.903439130596139,0
2024-03-02 08:00:00,14.799095321714342,0
2024-03-02 09:00:00,14.450203643470513,0
2024-03-02 10:00:00,13.697465845095179,0
2024-03-02 11:00:00,13.530478564322895,0
2024-03-02 12:00:00,12.659773225672252,0
2024-03-02 13:00:00,12.183071459384712,0
2024-03-02 14:00:00,11.19729410203046,0
2024-03-02 15:00:00,10.824888892689904,0
2024-03-02 16:00:00,10.78695189897192,0
2024-03-02 17:00:00,10.221085683953838,0
2024-03-02 18:00:00,10.779314061048087,0
2024-03-02 19:00:00,10.24100226378925,0
2024-03-02 20:00:00,10.693521585236908,0
2024-03-02 21:00:00,11.319630937212935,0
2024-03-02 22:00:00,11.149499260667193,0
2024-03-02 23:00:00,11.668031519836177,0
2024-03-03 00:00:00,12.404837919654469,0
2024-03-03 01:00:00,13.908445465268041,0
2024-03-03 02:00:00,13.988001058768381,0
2024-03-03 03:00:00,15.460541313717496,0
2024-03-03 04:00:00,14.943651039647149,0
2024-03-03 05:00:00,15.441350027659293,0
2024-03-03 06:00:00,15.957841144283373,0
2024-03-03 07:00:00,9.250378468592823,1
2024-03-03 08:00:00,15.82885853600107,0
2024-03-03 09:00:00,15.201651160932057,0
2024-03-03 10:00:00,14.655218757743441,0
2024-03-03 11:00:00,13.94999079489832,0
2024-03-03 12:00:00,13.38640133155604,0
2024-03-03 13:00:00,12.368683052889281,0
2024-03-03 14:00:00,11.714267515480238,0
2024-03-03 15:00:00,11.469997460246235,0
2024-03-03 16:00:00,11.05207696425271,0
2024-03-03 17:00:00,10.74716178339716,0
2024-03-03 18:00:00,11.036899487071963,0
2024-03-03 19:00:00,11.230047711118166,0
2024-03-03 20:00:00,11.250224743485482,0
2024-03-03 21:00:00,12.09492049046753,0
2024-03-03 22:00:00,11.857709190890654,0
2024-03-03 23:00:00,12.775941594038713,0
2024-03-04 00:00:00,13.296953303819171,0
2024-03-04 01:00:00,13.629999583055337,0
2024-03-04 02:00:00,14.798979869116254,0
2024-03-04 03:00:00,15.335814281334088,0
2024-03-04 04:00:00,16.254332245374652,0
2024-03-04 05:00:00,16.269787356819432,0
2024-03-04 06:00:00,22.002121564197964,1
2024-03-04 07:00:00,16.697097571704976,0
2024-03-04 08:00:00,16.287177757647402,0
2024-03-04 09:00:00,15.727619513571135,0
2024-03-04 10:00:00,14.996327589838211,0
2024-03-04 11:00:00,14.202129461195081,0
2024-03-04 12:00:00,13.759444958472882,0
2024-03-04 13:00:00,13.578391875773395,0
2024-03-04 14:00:00,13.241375891780356,0
2024-03-04 15:00:00,12.647831766727618,0
2024-03-04 16:00:00,11.666937710453954,0
2024-03-04 17:00:00,11.253356352749405,0
2024-03-04 18:00:00,11.571057715560343,0
2024-03-04 19:00:00,11.10748355363097,0
2024-03-04 20:00:00,12.008024995011006,0
2024-03-04 21:00:00,12.286637696093193,0
2024-03-04 22:00:00,12.730630546903441,0
2024-03-04 23:00:00,13.01591884557996,0
2024-03-05 00:00:00,14.3155452179453,0
2024-03-05 01:00:00,14.667915584671047,0
2024-03-05 02:00:00,15.098015968739587,0
2024-03-05 03:00:00,15.122467648364518,0
2024-03-05 04:00:00,16.389629360973483,0
2024-03-05 05:00:00,17.19478235952726,0
2024-03-05 06:00:00,17.261152858686298,0
2024-03-05 07:00:00,16.55393549344281,0
2024-03-05 08:00:00,16.27309889026793,0
2024-03-05 09:00:00,16.20850589403556,0
2024-03-05 10:00:00,15.260942612872519,0
2024-03-05 11:00:00,15.05732584373348,0
2024-03-05 12:00:00,14.55776641326079,0
2024-03-05 13:00:00,14.056085532995663,0
2024-03-05 14:00:00,13.061018438036138,0
2024-03-05 15:00:00,12.517100689895138,0
2024-03-05 16:00:00,11.921304752256939,0
2024-03-05 17:00:00,11.689561891896082,0
2024-03-05 18:00:00,11.786056332429544,0
2024-03-05 19:00:00,12.049835650152886,0
2024-03-05 20:00:00,12.462774916153805,0
2024-03-05 21:00:00,12.34324912974401,0
2024-03-05 22:00:00,13.546871231667964,0
2024-03-05 23:00:00,13.616668485517584,0
2024-03-06 00:00:00,14.333532141440838,0
2024-03-06 01:00:00,14.756624770043139,0
2024-03-06 02:00:00,8.397028024525984,1
2024-03-06 03:00:00,16.35108723612136,0
2024-03-06 04:00:00,16.694815677504188,0
2024-03-06 05:00:00,16.62866610328316,0
2024-03-06 06:00:00,16.806872309489396,0
2024-03-06 07:00:00,16.843888645837573,0
2024-03-06 08:00:00,15.957120075422717,0
2024-03-06 09:00:00,15.855430509145139,0
2024-03-06 10:00:00,15.71927042333936,0
2024-03-06 11:00:00,14.485439009618998,0
2024-03-06 12:00:00,14.28553256562439,0
2024-03-06 13:00:00,13.125355224372994,0
2024-03-06 14:00:00,13.05037049219399,0
2024-03-06 15:00:00,5.195721242668553,1
2024-03-06 16:00:00,11.470535135984079,0
2024-03-06 17:00:00,12.033437169636981,0
2024-03-06 18:00:00,11.356414368447572,0
2024-03-06 19:00:00,11.39616585163179,0
2024-03-06 20:00:00,11.92576329615904,0
2024-03-06 21:00:00,12.583449913074563,0
2024-03-06 22:00:00,12.427253454306447,0
2024-03-06 23:00:00,13.328271244816513,0
2024-03-07 00:00:00,14.059751941393209,0
2024-03-07 01:00:00,14.75989291439092,0
2024-03-07 02:00:00,8.296991216716876,1
2024-03-07 03:00:00,15.508881850805453,0
2024-03-07 04:00:00,15.740590582795177,0
2024-03-07 05:00:00,16.23671296671859,0
2024-03-07 06:00:00,15.946375043569374,0
2024-03-07 07:00:00,15.27813870640462,0
2024-03-07 08:00:00,16.007265263649323,0
2024-03-07 09:00:00,15.721518986174948,0
2024-03-07 10:00:00,14.194904344206648,0
2024-03-07 11:00:00,13.969041356764293,0
2024-03-07 12:00:00,13.781746278301597,0
2024-03-07 13:00:00,13.537288072736157,0
2024-03-07 14:00:00,12.294454037433603,0
2024-03-07 15:00:00,11.523260583782324,0
2024-03-07 16:00:00,11.260833745266485,0
2024-03-07 17:00:00,11.44991907429147,0
2024-03-07 18:00:00,10.730193999097589,0
2024-03-07 19:00:00,10.741372596200227,0
2024-03-07 20:00:00,11.058309294355505,0
2024-03-07 21:00:00,11.287011214991901,0
2024-03-07 22:00:00,12.100528275305354,0
2024-03-07 23:00:00,13.127442305328698,0
2024-03-08 00:00:00,13.357816790640706,0
2024-03-08 01:00:00,13.806526659499797,0
2024-03-08 02:00:00,14.372456619325323,0
2024-03-08 03:00:00,14.484184049145107,0
2024-03-08 04:00:00,15.59134039615429,0
2024-03-08 05:00:00,15.529407258160004,0
2024-03-08 06:00:00,15.561064184435823,0
2024-03-08 07:00:00,16.46591690705365,0
2024-03-08 08:00:00,15.326551191754083,0
2024-03-08 09:00:00,7.542603598276791,1
2024-03-08 10:00:00,14.153651223674592,0
2024-03-08 11:00:00,14.004203946998933,0
2024-03-08 12:00:00,13.028515937186995,0
2024-03-08 13:00:00,4.22889635854641,1
2024-03-08 14:00:00,11.986777660919802,0
2024-03-08 15:00:00,10.977410461989422,0
2024-03-08 16:00:00,11.328105500376617,0
2024-03-08 17:00:00,10.82690753918803,0
2024-03-08 18:00:00,10.271028336980441,0
2024-03-08 19:00:00,10.863240538101865,0
2024-03-08 20:00:00,10.738594144781805,0
2024-03-08 21:00:00,11.361958485323578,0
2024-03-08 22:00:00,3.8026584903581897,1
2024-03-08 23:00:00,11.957304729715053,0
2024-03-09 00:00:00,12.65899272055919,0
2024-03-09 01:00:00,13.802982679444069,0
2024-03-09 02:00:00,13.992502739387877,0
2024-03-09 03:00:00,14.486702646079141,0
2024-03-09 04:00:00,14.716763697911333,0
2024-03-09 05:00:00,15.379453721569954,0
2024-03-09 06:00:00,23.60545837027164,1
2024-03-09 07:00:00,14.93411412761566,0
2024-03-09 08:00:00,15.014566308718022,0
2024-03-09 09:00:00,15.037463351676447,0
2024-03-09 10:00:00,14.07704292164634,0
2024-03-09 11:00:00,13.639705973044611,0
2024-03-09 12:00:00,12.545339611810475,0
2024-03-09 13:00:00,12.35370385537485,0
2024-03-09 14:00:00,11.575398475869807,0
2024-03-09 15:00:00,11.41984538149085,0
2024-03-09 16:00:00,11.094453307092989,0
2024-03-09 17:00:00,11.27780472218694,0
2024-03-09 18:00:00,10.603114857642138,0
2024-03-09 19:00:00,10.626632014448257,0
2024-03-09 20:00:00,10.85243145798457,0
2024-03-09 21:00:00,11.101903799807735,0
2024-03-09 22:00:00,11.844554133585653,0
2024-03-09 23:00:00,12.275653740388611,0
2024-03-10 00:00:00,13.081073106906288,0
2024-03-10 01:00:00,14.092949494922323,0
2024-03-10 02:00:00,14.019595732952263,0
2024-03-10 03:00:00,15.203045096355767,0
2024-03-10 04:00:00,15.67605983944628,0
2024-03-10 05:00:00,15.518564078602871,0
2024-03-10 06:00:00,15.026651688810434,0
2024-03-10 07:00:00,15.420411821135545,0
2024-03-10 08:00:00,15.76750582697853,0
2024-03-10 09:00:00,15.000280873064517,0
2024-03-10 10:00:00,14.216209330311488,0
2024-03-10 11:00:00,13.788800233769452,0
2024-03-10 12:00:00,13.573079016657365,0
2024-03-10 13:00:00,12.866058838248351,0
2024-03-10 14:00:00,12.056047550756102,0
2024-03-10 15:00:00,11.528962473925079,0
2024-03-10 16:00:00,11.153604906297018,0
2024-03-10 17:00:00,10.774407142845781,0
2024-03-10 18:00:00,11.48059595967578,0
2024-03-10 19:00:00,11.014760007783623,0
2024-03-10 20:00:00,11.7568502338456,0
2024-03-10 21:00:00,12.27605628172772,0
2024-03-10 22:00:00,12.667709194575137,0
2024-03-10 23:00:00,12.872553338007123,0
2024-03-11 00:00:00,13.801119027101045,0
2024-03-11 01:00:00,14.350701886260026,0
2024-03-11 02:00:00,14.720673516650068,0
2024-03-11 03:00:00,15.637646318365485,0
2024-03-11 04:00:00,15.614585385054026,0
2024-03-11 05:00:00,16.60484766799148,0
2024-03-11 06:00:00,16.224631557975535,0
2024-03-11 07:00:00,16.36921769856656,0
2024-03-11 08:00:00,16.173854010453688,0
2024-03-11 09:00:00,15.643318710419393,0
2024-03-11 10:00:00,15.4082809599357,0
2024-03-11 11:00:00,14.515490135225322,0
2024-03-11 12:00:00,14.30049618053132,0
2024-03-11 13:00:00,13.0159733857882,0
2024-03-11 14:00:00,12.881913873863853,0
2024-03-11 15:00:00,12.934537407963413,0
2024-03-11 16:00:00,11.681493139608138,0
2024-03-11 17:00:00,11.553918091578677,0
2024-03-11 18:00:00,11.85096419638466,0
2024-03-11 19:00:00,18.167689707269265,1
2024-03-11 20:00:00,12.184263710537664,0
2024-03-11 21:00:00,12.645674611027127,0
2024-03-11 22:00:00,13.228857938032363,0
2024-03-11 23:00:00,7.443394329585682,1
2024-03-12 00:00:00,14.452410783052988,0
2024-03-12 01:00:00,14.923348540184104,0
2024-03-12 02:00:00,15.818763129813535,0
2024-03-12 03:00:00,16.72211089281751,0
2024-03-12 04:00:00,16.526093708573924,0
2024-03-12 05:00:00,16.538748089125157,0
2024-03-12 06:00:00,17.262899295108028,0
2024-03-12 07:00:00,16.822950021232604,0
2024-03-12 08:00:00,15.969961644572303,0
2024-03-12 09:00:00,10.456915159092954,1
2024-03-12 10:00:00,15.567859788842787,0
2024-03-12 11:00:00,8.671845529842855,1
2024-03-12 12:00:00,14.595536428916182,0
2024-03-12 13:00:00,13.913155469764181,0
2024-03-12 14:00:00,13.471900206121791,0
2024-03-12 15:00:00,12.615556903777238,0
2024-03-12 16:00:00,12.50663126773671,0
2024-03-12 17:00:00,12.027761994832886,0
2024-03-12 18:00:00,12.243643144266251,0
2024-03-12 19:00:00,12.292236243311965,0
2024-03-12 20:00:00,12.076067917670477,0
2024-03-12 21:00:00,13.07799744980066,0
2024-03-12 22:00:00,13.106275627445815,0
2024-03-12 23:00:00,14.108422905314745,0
2024-03-13 00:00:00,14.618128523765817,0
2024-03-13 01:00:00,15.700243376826071,0
2024-03-13 02:00:00,9.514221009907677,1
2024-03-13 03:00:00,9.879926044169308,1
2024-03-13 04:00:00,16.63593662661016,0
2024-03-13 05:00:00,16.790110435568348,0
2024-03-13 06:00:00,17.19475766490455,0
2024-03-13 07:00:00,16.37221369799539,0
2024-03-13 08:00:00,16.277779106744823,0
2024-03-13 09:00:00,15.861805435875233,0
2024-03-13 10:00:00,15.934083297044843,0
2024-03-13 11:00:00,15.542909848344308,0
2024-03-13 12:00:00,14.334130420413256,0
2024-03-13 13:00:00,13.649683248802967,0
2024-03-13 14:00:00,13.099457146397839,0
2024-03-13 15:00:00,12.889481962765329,0
2024-03-13 16:00:00,11.844868740498535,0
2024-03-13 17:00:00,11.923526058120292,0
2024-03-13 18:00:00,12.037351130421717,0
2024-03-13 19:00:00,11.957569833718075,0
2024-03-13 20:00:00,12.09046702196941,0
2024-03-13 21:00:00,12.707172536016033,0
2024-03-13 22:00:00,12.089030312100109,0
2024-03-13 23:00:00,13.68112988572144,0
2024-03-14 00:00:00,13.90288428635586,0
2024-03-14 01:00:00,14.17077136315509,0
2024-03-14 02:00:00,15.449633599350564,0
2024-03-14 03:00:00,16.199087766079277,0
2024-03-14 04:00:00,16.115633094601503,0
2024-03-14 05:00:00,16.664732165965564,0
2024-03-14 06:00:00,16.919700224561648,0
2024-03-14 07:00:00,16.71701818752824,0
2024-03-14 08:00:00,16.536286681213415,0
2024-03-14 09:00:00,15.840976781170623,0
2024-03-14 10:00:00,15.094414166539645,0
2024-03-14 11:00:00,13.959370824608218,0
2024-03-14 12:00:00,13.69018125356114,0
2024-03-14 13:00:00,12.83506545322774,0
2024-03-14 14:00:00,13.107498740380281,0
2024-03-14 15:00:00,11.85689572242133,0
2024-03-14 16:00:00,11.520664119633329,0
2024-03-14 17:00:00,11.370901761359189,0
2024-03-14 18:00:00,11.10506398674669,0
2024-03-14 19:00:00,11.65764551032455,0
2024-03-14 20:00:00,11.184337542489796,0
2024-03-14 21:00:00,11.799392034040617,0
2024-03-14 22:00:00,12.008986004797544,0
2024-03-14 23:00:00,12.412032014421667,0
2024-03-15 00:00:00,13.245362281434359,0
2024-03-15 01:00:00,14.039121671023212,0
2024-03-15 02:00:00,14.499209332644735,0
2024-03-15 03:00:00,14.913414997791977,0
2024-03-15 04:00:00,15.072512223908618,0
2024-03-15 05:00:00,15.69582674547525,0
2024-03-15 06:00:00,15.33179204630371,0
2024-03-15 07:00:00,15.904001425807097,0
2024-03-15 08:00:00,15.429657245124705,0
2024-03-15 09:00:00,21.700534424435823,1
2024-03-15 10:00:00,14.35679577942125,0
2024-03-15 11:00:00,13.60202331256282,0
2024-03-15 12:00:00,13.258287167151513,0
2024-03-15 13:00:00,12.900409297237323,0
2024-03-15 14:00:00,11.316457239653474,0
2024-03-15 15:00:00,11.380361511395314,0
2024-03-15 16:00:00,10.886076328841412,0
2024-03-15 17:00:00,10.872295142408763,0
2024-03-15 18:00:00,10.637183894149372,0
2024-03-15 19:00:00,10.421344830059693,0
2024-03-15 20:00:00,10.790521310923546,0
2024-03-15 21:00:00,11.035318625745802,0
2024-03-15 22:00:00,12.106343896950698,0
2024-03-15 23:00:00,12.385605220813945,0
2024-03-16 00:00:00,13.59041487598038,0
2024-03-16 01:00:00,13.643796190025245,0
2024-03-16 02:00:00,14.048413308946616,0
2024-03-16 03:00:00,14.321682867267928,0
2024-03-16 04:00:00,14.63035856883938,0
2024-03-16 05:00:00,14.945133218990279,0
2024-03-16 06:00:00,15.586137995303446,0
2024-03-16 07:00:00,15.574991508860908,0
2024-03-16 08:00:00,14.700943261106529,0
2024-03-16 09:00:00,15.050308679274618,0
2024-03-16 10:00:00,14.12401702351498,0
2024-03-16 11:00:00,13.716032337765444,0
2024-03-16 12:00:00,13.515723858731116,0
2024-03-16 13:00:00,12.662263520972168,0
2024-03-16 14:00:00,11.718982560999377,0
2024-03-16 15:00:00,11.024768715162368,0
2024-03-16 16:00:00,10.260692871224823,0
2024-03-16 17:00:00,10.453189633808618,0
2024-03-16 18:00:00,10.533885834029759,0
2024-03-16 19:00:00,10.400739261328262,0
2024-03-16 20:00:00,10.92273907738363,0
2024-03-16 21:00:00,11.398909252538502,0
2024-03-16 22:00:00,11.84355218600476,0
2024-03-16 23:00:00,12.337273389183325,0
2024-03-17 00:00:00,13.249131215615476,0
2024-03-17 01:00:00,7.098135150258219,1
2024-03-17 02:00:00,14.162438779303345,0
2024-03-17 03:00:00,15.45236124194097,0
2024-03-17 04:00:00,15.419348879559063,0
2024-03-17 05:00:00,15.727639523583626,0
2024-03-17 06:00:00,16.043672485489974,0
2024-03-17 07:00:00,22.487784081613896,1
2024-03-17 08:00:00,15.832348453184215,0
2024-03-17 09:00:00,15.261278541314693,0
2024-03-17 10:00:00,14.500268787607908,0
2024-03-17 11:00:00,14.216683767699838,0
2024-03-17 12:00:00,13.145775146509752,0
2024-03-17 13:00:00,12.902606679520842,0
2024-03-17 14:00:00,12.285758183313634,0
2024-03-17 15:00:00,11.744574740287796,0
2024-03-17 16:00:00,11.400571097578466,0
2024-03-17 17:00:00,4.534688882823409,1
2024-03-17 18:00:00,10.99936578051266,0
2024-03-17 19:00:00,11.307309618889288,0
2024-03-17 20:00:00,18.289576738068234,1
2024-03-17 21:00:00,11.679358923873227,0
2024-03-17 22:00:00,12.915928277390208,0
2024-03-17 23:00:00,12.910186977358238,0
2024-03-18 00:00:00,14.138837160157996,0
2024-03-18 01:00:00,14.65411887673872,0
2024-03-18 02:00:00,14.965915881916006,0
2024-03-18 03:00:00,16.240931801631895,0
2024-03-18 04:00:00,15.778206272875039,0
2024-03-18 05:00:00,16.69229010353598,0
2024-03-18 06:00:00,16.83219144257794,0
2024-03-18 07:00:00,16.275683739081696,0
2024-03-18 08:00:00,22.707008033688055,1
2024-03-18 09:00:00,15.813976248150894,0
2024-03-18 10:00:00,8.697736277639308,1
2024-03-18 11:00:00,14.904057783843397,0
2024-03-18 12:00:00,14.16681436885294,0
2024-03-18 13:00:00,13.83100977181012,0
2024-03-18 14:00:00,13.25004661616568,0
2024-03-18 15:00:00,11.996299116274537,0
2024-03-18 16:00:00,12.540894609853233,0
2024-03-18 17:00:00,11.426493986325445,0
2024-03-18 18:00:00,12.17455570278948,0
2024-03-18 19:00:00,12.312026904348087,0
2024-03-18 20:00:00,11.919784751690996,0
2024-03-18 21:00:00,12.54367418559649,0
2024-03-18 22:00:00,12.874730096918098,0
2024-03-18 23:00:00,13.765853456673337,0
2024-03-19 00:00:00,14.405054900718616,0
2024-03-19 01:00:00,15.397623996250516,0
2024-03-19 02:00:00,16.178083643288637,0
2024-03-19 03:00:00,16.738851455585966,0
2024-03-19 04:00:00,16.565233424515085,0
2024-03-19 05:00:00,16.93634031840297,0
2024-03-19 06:00:00,16.593743636655653,0
2024-03-19 07:00:00,16.78530335046981,0
2024-03-19 08:00:00,17.079217998305726,0
2024-03-19 09:00:00,16.88854846427755,0
2024-03-19 10:00:00,15.526153583065067,0
2024-03-19 11:00:00,8.270076087861145,1
2024-03-19 12:00:00,14.65602060265775,0
2024-03-19 13:00:00,14.108053913476297,0
2024-03-19 14:00:00,13.184183605003668,0
2024-03-19 15:00:00,13.041421128287585,0
2024-03-19 16:00:00,12.378547724162583,0
2024-03-19 17:00:00,12.269290316844565,0
2024-03-19 18:00:00,12.353885274401112,0
2024-03-19 19:00:00,12.277552679051304,0
2024-03-19 20:00:00,12.393783761125905,0
2024-03-19 21:00:00,12.887319873770434,0
2024-03-19 22:00:00,13.40855577321847,0
2024-03-19 23:00:00,13.923002256865674,0
2024-03-20 00:00:00,14.598303510945195,0
2024-03-20 01:00:00,15.796382424938999,0
2024-03-20 02:00:00,22.659613122250178,1
2024-03-20 03:00:00,16.333229521804263,0
2024-03-20 04:00:00,17.018848829729656,0
2024-03-20 05:00:00,16.948918523491805,0
2024-03-20 06:00:00,23.99436876147853,1
2024-03-20 07:00:00,17.135999538185782,0
2024-03-20 08:00:00,16.72969318928744,0
2024-03-20 09:00:00,16.484461390092143,0
2024-03-20 10:00:00,15.345728173832176,0
2024-03-20 11:00:00,14.859695595896738,0
2024-03-20 12:00:00,14.175287684054728,0
2024-03-20 13:00:00,13.911212694189315,0
2024-03-20 14:00:00,13.766195997309497,0
2024-03-20 15:00:00,13.378308515840631,0
2024-03-20 16:00:00,18.75340908477729,1
2024-03-20 17:00:00,12.170268705783176,0
2024-03-20 18:00:00,11.372474521241163,0
2024-03-20 19:00:00,11.812439442815887,0
2024-03-20 20:00:00,11.965257411417335,0
2024-03-20 21:00:00,12.388604428770584,0
2024-03-20 22:00:00,13.01755685442449,0
2024-03-20 23:00:00,13.504140116552946,0
2024-03-21 00:00:00,13.67331704818112,0
2024-03-21 01:00:00,15.112334309047327,0
2024-03-21 02:00:00,15.142449911771168,0
2024-03-21 03:00:00,16.026764261763763,0
2024-03-21 04:00:00,16.947092449914763,0
2024-03-21 05:00:00,16.271054424328778,0
2024-03-21 06:00:00,15.84493049034116,0
2024-03-21 07:00:00,16.404742584888986,0
2024-03-21 08:00:00,16.542585212901624,0
2024-03-21 09:00:00,16.373842770115296,0
2024-03-21 10:00:00,14.870919196533395,0
2024-03-21 11:00:00,14.756970335148273,0
2024-03-21 12:00:00,13.792406862966066,0
2024-03-21 13:00:00,13.224254925531453,0
2024-03-21 14:00:00,13.417518929236133,0
2024-03-21 15:00:00,11.626770367632444,0
2024-03-21 16:00:00,11.727824576046325,0
2024-03-21 17:00:00,11.51376410007666,0
2024-03-21 18:00:00,11.585719150316754,0
2024-03-21 19:00:00,11.3465251442366,0
2024-03-21 20:00:00,11.631547512861392,0
2024-03-21 21:00:00,5.370878114671362,1
2024-03-21 22:00:00,12.480465262880415,0
2024-03-21 23:00:00,12.873081085138562,0
2024-03-22 00:00:00,13.783364575662805,0
2024-03-22 01:00:00,14.107349609324688,0
2024-03-22 02:00:00,14.909130118170607,0
2024-03-22 03:00:00,15.280362447648576,0
2024-03-22 04:00:00,16.00022253824178,0
2024-03-22 05:00:00,15.87334030018733,0
2024-03-22 06:00:00,15.419298418050952,0
2024-03-22 07:00:00,8.64781717061585,1
2024-03-22 08:00:00,15.30120562898561,0
2024-03-22 09:00:00,14.958951626422419,0
2024-03-22 10:00:00,14.438860114323122,0
2024-03-22 11:00:00,14.408001662191195,0
2024-03-22 12:00:00,12.689832549832104,0
2024-03-22 13:00:00,13.607598723528334,0
2024-03-22 14:00:00,12.363826023267091,0
2024-03-22 15:00:00,11.5808253618899,0
2024-03-22 16:00:00,11.08564796732649,0
2024-03-22 17:00:00,10.924559341930907,0
2024-03-22 18:00:00,3.5445941351506596,1
2024-03-22 19:00:00,11.008500305366335,0
2024-03-22 20:00:00,11.220918831424596,0
2024-03-22 21:00:00,11.469000587163455,0
2024-03-22 22:00:00,11.892340229278961,0
2024-03-22 23:00:00,12.501829741116357,0
2024-03-23 00:00:00,13.129585186148581,0
2024-03-23 01:00:00,14.170125463229796,0
2024-03-23 02:00:00,14.607002355704058,0
2024-03-23 03:00:00,14.061680594652525,0
2024-03-23 04:00:00,15.536070704675044,0
2024-03-23 05:00:00,15.646794860307534,0
2024-03-23 06:00:00,15.66838737306623,0
2024-03-23 07:00:00,15.473818465965252,0
2024-03-23 08:00:00,15.680534287711948,0
2024-03-23 09:00:00,15.234055123688707,0
2024-03-23 10:00:00,14.205072038673007,0
2024-03-23 11:00:00,13.962110120307093,0
2024-03-23 12:00:00,12.908560649892054,0
2024-03-23 13:00:00,12.147326276775784,0
2024-03-23 14:00:00,11.779526587994221,0
2024-03-23 15:00:00,11.71884442450175,0
2024-03-23 16:00:00,11.360175005236412,0
2024-03-23 17:00:00,10.990861255610518,0
2024-03-23 18:00:00,10.982753641732463,0
2024-03-23 19:00:00,11.019746605608084,0
2024-03-23 20:00:00,10.937671688944462,0
2024-03-23 21:00:00,11.67343045105309,0
2024-03-23 22:00:00,12.319131838115533,0
2024-03-23 23:00:00,5.185184651459471,1
2024-03-24 00:00:00,13.723208825467754,0
2024-03-24 01:00:00,14.246161388400209,0
2024-03-24 02:00:00,14.762992964798713,0
2024-03-24 03:00:00,15.518126599512055,0
2024-03-24 04:00:00,15.608968941469584,0
2024-03-24 05:00:00,15.625422241331872,0
2024-03-24 06:00:00,15.950288069329881,0
2024-03-24 07:00:00,15.715287623821913,0
