index,water_level,reconstruction_error,is_anomaly
29,15.063598755588377,0.05959361419081688,0
30,15.070263110653116,0.05866286903619766,0
31,15.734747825771336,0.10002920031547546,0
32,14.93771334095508,0.04885159805417061,0
33,6.430073755711161,0.5835816860198975,1
34,14.295221718259867,0.022175177931785583,0
35,13.088535178796253,7.586871652165428e-05,0
36,12.878601408246888,0.0002475058427080512,0
37,11.5881045286664,0.027220306918025017,0
38,11.180608846310577,0.04449508339166641,0
39,11.125261185708965,0.04670172557234764,0
40,4.581605560864749,0.9420703649520874,1
41,10.477036482465042,0.07979799807071686,0
42,10.30730551528353,0.08929208666086197,0
43,10.33729488943126,0.08547953516244888,0
44,10.23314293117362,0.09104635566473007,0
45,10.856249552429812,0.05164692923426628,0
46,11.448873029692162,0.024667467921972275,0
47,12.503142233696003,0.0011768947588279843,0
48,12.931027816615996,0.00022031957632862031,0
49,12.939876227178734,0.00021984030900057405,0
50,14.161683435447353,0.023935697972774506,0
51,14.458348933088168,0.034784846007823944,0
52,14.758685908284672,0.04763519763946533,0
53,15.384567257070913,0.08249594271183014,0
54,15.58407495107072,0.09389103949069977,0
55,15.456490916261217,0.08274117857217789,0
56,14.662118575521855,0.03684224933385849,0
57,14.409382599593636,0.025475990027189255,0
58,14.068370048873865,0.013810286298394203,0
59,13.642389374706346,0.004371511284261942,0
60,12.541712914620842,0.003931705374270678,0
61,11.96463207276092,0.01687776669859886,0
62,11.066541005262057,0.05451378971338272,0
63,10.502056484758668,0.0886753648519516,0
64,10.6868324274739,0.0752478837966919,0
65,10.578887371871073,0.0809730514883995,0
66,10.043188805012887,0.11832520365715027,0
67,10.428301452103735,0.08793368935585022,0
68,10.46208334450409,0.08402659744024277,0
69,10.53332278186436,0.07779817283153534,0
70,11.328418681652526,0.03417128697037697,0
71,12.259178259801942,0.005687100812792778,0
72,12.408359179561058,0.0032824056688696146,0
73,13.50935432895629,0.004946517758071423,0
74,12.830349288266188,7.856231241021305e-05,0
75,14.35356095384307,0.027775857597589493,0
76,14.50298176946127,0.03319333866238594,0
77,14.609167596664928,0.037027131766080856,0
78,14.7835449801257,0.04422961175441742,0
79,14.046273177072736,0.015033483505249023,0
80,14.29839575605078,0.022469818592071533,0
81,14.045472305302544,0.01409963145852089,0
82,13.835152288291605,0.00860394723713398,0
83,12.604479502695266,0.0025875356514006853,0
84,18.244508675144672,0.3607393503189087,0
85,11.257512318747276,0.04465307295322418,0
86,11.050836560441487,0.055257268249988556,0
87,10.328286799048897,0.10087253153324127,0
88,9.644774616467856,0.1556956171989441,0
89,9.679436378481006,0.15023685991764069,0
90,9.44110651763936,0.16961461305618286,0
91,9.759723695355175,0.13788408041000366,0
92,9.480516422846971,0.16002123057842255,0
93,9.962711153490163,0.11598207801580429,0
94,10.434094734567235,0.07994744926691055,0
95,10.688984283348272,0.06275957822799683,0
96,11.837729091825326,0.013349511660635471,0
97,12.448549291791812,0.001927758101373911,0
98,12.949534036992736,0.0001991501048905775,0
99,13.370765151741557,0.0038583932910114527,0
100,13.389796240395077,0.003975340165197849,0
101,13.914564820434263,0.014935698360204697,0
102,14.000393803554982,0.01691899634897709,0
103,13.75530145593369,0.009913194924592972,0
104,13.676539605744557,0.007799930404871702,0
105,13.42829678506149,0.0033301955554634333,0
106,13.3354142728993,0.0020511941984295845,0
107,12.200043578089495,0.007640357594937086,0
108,11.55979993124241,0.026202457025647163,0
109,10.795940388700522,0.06243113800883293,0
110,9.623377615957487,0.14754797518253326,0
111,9.65789952501624,0.14261528849601746,0
112,9.272185230493664,0.17587363719940186,0
113,9.729865753219228,0.13192333281040192,0
114,8.83551661624373,0.2146272510290146,0
115,9.057399832281432,0.18840226531028748,0
116,16.80668861931194,0.21585915982723236,0
117,9.243522971501074,0.17003993690013885,0
118,10.446388599725593,0.07383023202419281,0
119,10.924791636018467,0.046369489282369614,0
120,11.577367254367442,0.01937941275537014,0
121,11.709178197731251,0.015340007841587067,0
122,13.001773632300724,0.0006398244295269251,0
123,12.675241866214083,0.00019026141671929508,0
124,13.667357599856231,0.009893834590911865,0
125,22.198038912039085,1.172549843788147,1
126,13.528839102460791,0.005154494661837816,0
127,13.572484683011115,0.0053457235917449,0
128,13.525195881242448,0.004176085814833641,0
129,19.790009254430537,0.6180742383003235,1
130,12.12373630970006,0.011380700394511223,0
131,12.012563326611478,0.014677708968520164,0
132,11.033366556136704,0.05522114038467407,0
133,10.855289455403003,0.06498149037361145,0
134,9.843714485100952,0.13723862171173096,0
135,10.0771067042922,0.11625223606824875,0
136,8.991261503922669,0.21497349441051483,0
137,8.892317174719643,0.22208476066589355,0
138,9.161280070888964,0.19009965658187866,0
139,8.647633824543453,0.2413361519575119,0
140,9.350354147892592,0.16454695165157318,0
141,10.08799651393572,0.10023485869169235,0
142,9.74876401017884,0.1244904100894928,0
143,10.907664320990047,0.046675823628902435,0
144,11.5964996523001,0.018185807392001152,0
145,19.21558592463924,0.5565246939659119,1
146,12.438473289272704,0.0018120547756552696,0
147,12.952944544091851,0.0002163843746529892,0
148,13.925507788929428,0.01560466643422842,0
149,14.13108003867013,0.021293962374329567,0
150,14.226356013616776,0.02374025247991085,0
151,14.194692880112964,0.02176644280552864,0
152,13.662400046536655,0.006946566980332136,0
153,13.564817400902404,0.004883407149463892,0
154,13.091921741989603,0.00017944230057764798,0
155,12.21392728472994,0.007907762192189693,0
156,12.368625362049396,0.005131937097758055,0
157,11.33218864406145,0.03678052872419357,0
158,10.258336131346097,0.09936203062534332,0
159,10.323975880059647,0.0933985635638237,0
160,9.466727849941982,0.16211377084255219,0
161,9.775255579318053,0.13252626359462738,0
162,9.831561926537171,0.125757098197937,0
163,9.353251453041484,0.16560997068881989,0
164,10.168715516371249,0.09578411281108856,0
165,10.43149574423192,0.07648266851902008,0
166,11.102833973129211,0.03877473250031471,0
167,19.41179946236428,0.5841400027275085,1
168,5.634396057272653,0.6943690180778503,1
169,12.619839718870116,0.0004975202027708292,0
170,13.212929745981484,0.0020974844228476286,0
171,13.783595448359376,0.012212511152029037,0
172,14.4331668095778,0.03367893025279045,0
173,14.838889443897994,0.05183037742972374,0
174,14.935023986964056,0.05547842010855675,0
175,15.0450247765155,0.060185641050338745,0
176,14.580768216553198,0.035337261855602264,0
177,14.64505042567769,0.036929868161678314,0
178,13.640875769521733,0.005340652074664831,0
179,13.96201198218898,0.011682632379233837,0
180,12.714807195623544,0.0014511765912175179,0
181,11.65062002293727,0.026239104568958282,0
182,11.010732250581672,0.05555308982729912,0
183,10.985600432818858,0.056389354169368744,0
184,10.402553701392051,0.0920061245560646,0
185,10.45944173096376,0.08677066117525101,0
186,10.32676312885905,0.09456042945384979,0
187,10.272166689502766,0.09686671197414398,0
188,10.313036565335118,0.0923289880156517,0
189,10.532464304577111,0.0760941430926323,0
190,11.39248701184376,0.030313367024064064,0
191,12.407249404057096,0.0030569988302886486,0
192,12.88169330921348,3.525180147789797e-12,0
193,13.110004202956038,0.0006792672793380916,0
194,14.156945297208138,0.021396292373538017,0
195,14.755741526267638,0.04564536362886429,0
196,14.788726601628303,0.04619772359728813,0
197,15.36522441231001,0.07810036092996597,0
198,15.436237709855735,0.08048111945390701,0
199,15.004173281069464,0.05309782177209854,0
200,15.21709871648094,0.0635572001338005,0
201,14.89210897512354,0.044787678867578506,0
202,14.5413736175815,0.02841455303132534,0
203,13.938928889398026,0.009375507943332195,0
204,12.570641519358349,0.003947860095649958,0
205,12.0626580538558,0.014844884164631367,0
206,11.901575241142703,0.019617507234215736,0
207,11.388338600221903,0.03942647576332092,0
208,10.995213834175662,0.05886486545205116,0
209,11.749445445304463,0.02357647567987442,0
210,10.681267153207951,0.07591217011213303,0
211,10.936295690162227,0.05944022163748741,0
212,11.130900057331807,0.0480179488658905,0
213,11.435620190339966,0.03306391090154648,0
214,11.66048388758799,0.02373713068664074,0
215,12.5816963319783,0.002125778002664447,0
216,12.764094765384185,0.0005942390416748822,0
217,13.565742691765536,0.004693921655416489,0
218,14.086849180280169,0.016426468268036842,0
219,14.766435859028965,0.04223458841443062,0
220,15.824160078378515,0.10622430592775345,0
221,14.808884812641123,0.04237974435091019,0
222,15.648653151434289,0.09046631306409836,0
223,14.861292119169462,0.04287859797477722,0
224,14.940304272751824,0.04586037993431091,0
225,14.996831491439211,0.04784178361296654,0
226,14.15627502518144,0.014309477992355824,0
227,13.194402403190862,5.157430496183224e-05,0
228,12.638874073196448,0.0033016663510352373,0
229,12.392209090440474,0.007363398093730211,0
230,11.347331507948711,0.0424373522400856,0
231,11.093856048857464,0.05466235429048538,0
232,10.624746232726784,0.08183944970369339,0
233,10.14453525901808,0.11498313397169113,0
234,10.875975068284584,0.06329499930143356,0
235,10.485417289431531,0.08650697022676468,0
236,9.914049760992516,0.12761898338794708,0
237,10.95079500267672,0.05479606240987778,0
238,11.189464060569472,0.04158688336610794,0
239,18.54423200707777,0.4200851023197174,1
240,12.349350769764213,0.0051333121955394745,0
241,13.173540299772023,0.0005406310665421188,0
242,13.935769003187255,0.012226281687617302,0
243,14.534716760781544,0.03185662999749184,0
244,14.284778726873082,0.02184014394879341,0
245,14.7665194310524,0.04073752462863922,0
246,14.781533153816763,0.04064297303557396,0
247,14.614545081680888,0.03253350034356117,0
248,7.962196468933961,0.348276823759079,0
249,14.227833047137322,0.01887470670044422,0
250,13.18151888856863,0.0002620869199745357,0
251,13.203319152293778,0.00035043508978560567,0
252,12.888646859103789,0.0003130079130642116,0
253,11.885779009987994,0.01783696934580803,0
254,10.488404935344647,0.0865640938282013,0
255,10.252391244291111,0.1020265743136406,0
256,10.35177602235396,0.09327074885368347,0
257,9.481155308861362,0.16269482672214508,0
258,17.697054575756106,0.30175983905792236,0
259,9.869520414224109,0.12831658124923706,0
260,9.581053209536751,0.1518387496471405,0
261,10.211152190650946,0.09873906522989273,0
262,9.747346978486169,0.13347215950489044,0
263,10.988722475387608,0.04796218127012253,0
264,11.841122563288016,0.014037763699889183,0
265,12.163897755548396,0.006416845601052046,0
266,13.605723391179476,0.0075534638017416,0
267,13.180098878365913,0.001355580287054181,0
268,13.850394117001098,0.012833910994231701,0
269,14.247980590449693,0.025020496919751167,0
270,14.703590145232846,0.043452877551317215,0
271,13.733225991346348,0.008743156678974628,0
272,14.241874444890843,0.022543197497725487,0
273,13.478151446323013,0.0035394602455198765,0
274,12.643105907221742,0.0015050931833684444,0
275,12.45430127651892,0.003787832800298929,0
276,11.710252722697634,0.0219150111079216,0
277,10.80620910028272,0.06360780447721481,0
278,10.387949606044216,0.08972945064306259,0
279,9.718259608592492,0.14051184058189392,0
280,9.456171371086729,0.16184499859809875,0
281,9.35753232182996,0.16841845214366913,0
282,9.53702995052167,0.1490926593542099,0
283,8.76359097993329,0.22287769615650177,0
284,10.014147504020428,0.10481928288936615,0
285,9.176500042930186,0.1744820475578308,0
286,10.2260062268604,0.08599578589200974,0
287,11.043706888157825,0.038668759167194366,0
288,11.592355230575045,0.017337560653686523,0
289,11.963184578223473,0.007865384221076965,0
290,12.686498663912714,3.215443211956881e-05,0
291,13.115896904654116,0.0018093890976160765,0
292,13.482491044632877,0.006858367007225752,0
293,14.163254630998257,0.025267688557505608,0
294,14.101104645789514,0.022084470838308334,0
295,13.702501123313754,0.009862472303211689,0
296,20.13886561866109,0.7058336138725281,1
297,13.361987041314752,0.0024111096281558275,0
298,13.00079397467159,1.6085054085124284e-05,0
299,12.348883086746774,0.005427637603133917,0
300,11.271359166977918,0.03977494686841965,0
301,10.713157414153365,0.06962335109710693,0
302,10.511729836908088,0.0818343311548233,0
303,9.96323746241698,0.12096240371465683,0
304,9.387967013434304,0.1696450561285019,0
305,9.19213384457398,0.18608452379703522,0
306,9.468524374414592,0.15676909685134888,0
307,9.007421702822896,0.1987708956003189,0
308,9.61424538186236,0.13840793073177338,0
309,9.80319589192082,0.12045686691999435,0
310,10.33370461957904,0.0801066905260086,0
311,11.349907219026507,0.02675977163016796,0
312,11.93415971872196,0.009062808007001877,0
313,12.597723125040126,0.0003461092128418386,0
314,13.369202144682422,0.004844506736844778,0
315,20.67714508312937,0.8316421508789062,1
316,14.141511210632848,0.02206565998494625,0
317,14.11690460972214,0.020034058019518852,0
318,14.416458064259546,0.02975483611226082,0
319,14.21971550095357,0.02139602228999138,0
320,14.063506252508011,0.015679869800806046,0
321,13.84168839938518,0.009409994818270206,0
322,12.92653379502998,0.00011852151510538533,0
323,13.223948892843492,0.0004982610116712749,0
324,11.67508779425606,0.024886148050427437,0
325,10.993782183951616,0.05579611659049988,0
326,11.131160442556912,0.04792531207203865,0
327,10.532508605658371,0.08223941922187805,0
328,10.114368296125845,0.11095038056373596,0
329,9.8956338509746,0.12661144137382507,0
330,9.648309220980872,0.14555619657039642,0
331,9.498279837101244,0.15653616189956665,0
332,10.070444045056089,0.1063675656914711,0
333,10.272512952697348,0.08992554992437363,0
334,11.316751845156205,0.031214537099003792,0
335,11.613922217371966,0.019842863082885742,0
336,12.08835084096224,0.00725209154188633,0
337,12.91754481568144,0.00011648885993054137,0
338,13.771663511151823,0.011814259923994541,0
339,14.027221168007811,0.018612492829561234,0
340,14.377631203732108,0.030500607565045357,0
341,14.97765001490056,0.058233149349689484,0
342,15.093506718497668,0.06324218213558197,0
343,14.812786849193348,0.046512849628925323,0
344,14.603556157304329,0.035484399646520615,0
345,14.44660518373779,0.028172567486763,0
346,20.30664423064717,0.7096298336982727,1
347,12.891722099899114,0.00046495627611875534,0
348,12.479573724918351,0.005079411435872316,0
349,12.011733144348606,0.01596810668706894,0
350,11.593272269679424,0.030568880960345268,0
351,4.3230019399617,1.0287621021270752,1
352,18.588664872808323,0.4108608663082123,0
353,10.365260023747105,0.09755673259496689,0
354,10.34708697911618,0.09770673513412476,0
355,10.161256553908476,0.11007797718048096,0
356,10.72952073995792,0.06938949227333069,0
357,11.068320880306812,0.04922845587134361,0
358,11.79125706556529,0.018564855679869652,0
359,12.070160482694352,0.010532621294260025,0
360,13.141269140246784,0.00048715027514845133,0
361,14.11154751047037,0.01796700805425644,0
362,14.24036297491572,0.02182876504957676,0
363,14.92865982897868,0.050931863486766815,0
364,15.428927030001976,0.07910987734794617,0
365,15.366740738960608,0.07360991090536118,0
366,15.65400283886506,0.09103644639253616,0
367,15.518842090653187,0.08019519597291946,0
368,15.307065337941124,0.06553354859352112,0
369,14.65997068205643,0.031941838562488556,0
370,14.391811296906615,0.02127351053059101,0
371,7.760434057688877,0.38701337575912476,0
372,13.587285412083988,0.003016588045284152,0
373,12.799786813655889,0.0012834465596824884,0
374,12.56101939823355,0.003945051692426205,0
375,11.171998546081827,0.04955326020717621,0
376,11.270395719300051,0.04373515397310257,0
377,10.816628599829562,0.06752262264490128,0
378,11.334940879965302,0.039114706218242645,0
379,10.5211365125015,0.08404529839754105,0
380,10.76078297562962,0.0674353763461113,0
381,11.228385021314992,0.04149603471159935,0
382,11.285895943687146,0.037748757749795914,0
383,12.36427905932607,0.004604948218911886,0
384,12.93620253127934,8.612109354544373e-07,0
385,13.849906409730432,0.010970672592520714,0
386,14.50298503736206,0.03216469660401344,0
387,15.472724868977844,0.08395052701234818,0
388,15.58288965983226,0.08991530537605286,0
389,15.36399327371993,0.07377773523330688,0
390,15.341250692917429,0.07087212055921555,0
391,15.660682631978313,0.09029052406549454,0
392,14.853813870382462,0.04176749661564827,0
393,15.3875839421053,0.06963889300823212,0
394,14.658823055669224,0.03142331913113594,0
395,13.544973140938248,0.0021767558064311743,0
396,12.507524827247163,0.005503332242369652,0
397,12.7624914780097,0.001994092483073473,0
398,11.70007954388807,0.02798936516046524,0
399,11.568263365574914,0.03293528035283089,0
400,10.300746383117325,0.106647789478302,0
401,10.328202856413704,0.10315273702144623,0
402,10.402364951402442,0.09589119255542755,0
403,10.477335760865545,0.0887841284275055,0
404,10.554572895546023,0.08178415894508362,0
405,11.249713687950138,0.04109765216708183,0
406,11.235713871185222,0.04079602658748627,0
407,12.09105344435578,0.010198094882071018,0
408,12.791195680807588,0.00035017626942135394,0
409,13.530292882429714,0.004508341662585735,0
410,14.165757282919769,0.01964454911649227,0
411,14.10559757497914,0.01743258535861969,0
412,14.352633397769129,0.025338703766465187,0
413,15.418172848374242,0.0788055881857872,0
414,15.19171095075893,0.06355443596839905,0
415,14.753997890486042,0.03965817019343376,0
416,15.165642915058791,0.059868063777685165,0
417,14.309040924136884,0.02057705447077751,0
418,14.08157323008828,0.01334330067038536,0
419,13.116216112600402,6.446717179642292e-06,0
420,13.03822437746458,4.970050576957874e-05,0
421,12.270641684555631,0.00922544114291668,0
422,11.037526680587147,0.056731775403022766,0
423,10.85713275143731,0.0662880465388298,0
424,10.33331546247351,0.09985930472612381,0
425,10.27204561580671,0.10271945595741272,0
426,15.490993101079829,0.08144038915634155,0
427,10.01094563619485,0.12182565778493881,0
428,10.344659697065042,0.09496262669563293,0
429,9.86938795154256,0.1300385296344757,0
430,10.532749626707137,0.07895869761705399,0
431,10.852269114459876,0.05830202251672745,0
432,12.004070958372576,0.011247547343373299,0
433,12.921495386876652,1.45259309647372e-06,0
434,13.734707115628776,0.009094128385186195,0
435,13.79936972588002,0.010417744517326355,0
436,14.638992126681572,0.03915639966726303,0
437,13.962727979799402,0.013860848732292652,0
438,13.928193426706468,0.012564968317747116,0
439,14.315320327031188,0.024102307856082916,0
440,14.176144953926144,0.018860574811697006,0
441,13.633273103588923,0.005300895776599646,0
442,12.485325872524186,0.0037434003315865993,0
443,12.456934222386126,0.00418824702501297,0
444,11.427193963874124,0.033756837248802185,0
445,11.355175928079392,0.03653446212410927,0
446,10.644988454376255,0.07394912093877792,0
447,16.18655539705148,0.13712434470653534,0
448,9.435956092310358,0.16977886855602264,0
449,9.009129062906956,0.21077071130275726,0
450,9.210421176496112,0.18711505830287933,0
451,9.589478325731722,0.14840498566627502,0
452,9.246519677722873,0.17763222754001617,0
453,10.0813403374423,0.10325419902801514,0
454,10.280464469859323,0.08724464476108551,0
455,10.797349876533724,0.054334066808223724,0
456,11.643948562268143,0.01770878955721855,0
457,12.007421737443853,0.008161383680999279,0
458,12.750840547415724,1.9079747289652005e-05,0
459,13.07243381727512,0.001017519854940474,0
460,14.41671801159108,0.03451406955718994,0
461,14.086953067483462,0.021003445610404015,0
462,13.952082347602223,0.016033241525292397,0
463,14.142567975112222,0.021310586482286453,0
464,13.797602056808902,0.010685531422495842,0
465,20.52712040569399,0.7718212008476257,1
466,13.109185349032916,0.00018790749891195446,0
467,12.555246747183904,0.002814740175381303,0
468,11.528907325971405,0.030012905597686768,0
469,10.876466254019071,0.061900392174720764,0
470,10.373026246225606,0.09366697072982788,0
471,9.257550033366256,0.18760962784290314,0
472,16.71897778369066,0.18664737045764923,0
473,16.52078812760106,0.16530722379684448,0
474,9.746715219728449,0.14410430192947388,0
475,15.66505299351969,0.0934285894036293,0
476,9.791083256428069,0.14110691845417023,0
477,10.125228734014062,0.11231689155101776,0
478,11.490673223083755,0.03075605072081089,0
479,11.524146636860737,0.028979167342185974,0
480,11.8161595365813,0.018283672630786896,0
481,12.235008102059783,0.0073555284179747105,0
482,12.663624606458862,0.001268254010938108,0
483,13.746120618777285,0.008045285008847713,0
484,13.878020095659071,0.010849928483366966,0
485,13.951308523820869,0.012441468425095081,0
486,6.435517193549126,0.574595034122467,1
487,14.10229401617956,0.017595410346984863,0
488,14.708549953531978,0.04103253781795502,0
489,14.095633218838955,0.01704203337430954,0
490,13.337608207605024,0.0017539652762934566,0
491,13.20821595180485,0.0006849601631984115,0
492,12.168103501000278,0.008967899717390537,0
493,11.267653507389443,0.039425577968358994,0
494,11.408664403687776,0.032834574580192566,0
495,10.624682810574877,0.07296396046876907,0
496,9.783958504712254,0.13356439769268036,0
497,9.818028594770231,0.1287708878517151,0
498,9.55729777681952,0.1490756720304489,0
499,9.520616229257689,0.14989621937274933,0
500,10.493555941857448,0.07372380048036575,0
501,11.216486458292032,0.03447655588388443,0
502,10.772645652985148,0.05518477037549019,0
503,11.994930202829794,0.008438335731625557,0
504,12.308807229263456,0.0030791948083788157,0
505,13.03582295304791,0.0008037628140300512,0
506,13.63806589759746,0.009305230341851711,0
507,14.105141302945066,0.02196686342358589,0
508,14.80685381078549,0.051317520439624786,0
509,14.823258816529682,0.05058944970369339,0
510,15.269153794899005,0.07441234588623047,0
511,15.11779836896996,0.06315258890390396,0
512,14.841183234929916,0.046443384140729904,0
513,14.272721103918034,0.02142937481403351,0
514,13.88324142032261,0.00971956830471754,0
515,13.708578599959797,0.005804742686450481,0
516,13.013382147581382,3.955233842134476e-05,0
517,11.950500716422582,0.01690397411584854,0
518,11.69779969162881,0.025284746661782265,0
519,11.402274845257455,0.03704017400741577,0
520,10.304770952653392,0.10119671374559402,0
521,10.744249640450109,0.07026824355125427,0
522,10.322004713803231,0.09715279191732407,0
523,10.80119496387777,0.06437836587429047,0
524,10.674096933792889,0.07079043984413147,0
525,10.781453841783485,0.06314069777727127,0
526,11.374178766098892,0.03260905668139458,0
527,12.500755249758472,0.002377723343670368,0
528,13.23138193649089,0.0013088859850540757,0
529,13.548430849038288,0.005242455285042524,0
530,7.848747631198184,0.3445088267326355,0
531,14.47769029366827,0.03333401679992676,0
532,15.370059892894435,0.08100220561027527,0
533,15.291802020597618,0.07466291636228561,0
534,15.559224261981289,0.09082715958356857,0
535,15.697283971813569,0.0986870601773262,0
536,15.187638498791284,0.06342858076095581,0
537,14.944506953944115,0.04871676117181778,0
538,21.85490315780881,1.034053921699524,1
539,13.785720712930638,0.005872247740626335,0
540,13.570649963365009,0.0024282645899802446,0
541,12.341093509433028,0.008935986086726189,0
542,12.242005914354715,0.011302096769213676,0
543,12.002673401145604,0.01789126917719841,0
544,10.435206178245656,0.0987335816025734,0
545,10.690557421466917,0.07984866946935654,0
546,11.019121638154164,0.05869822949171066,0
547,10.870712382295151,0.06613789498806,0
548,11.292043290295252,0.04244997352361679,0
549,11.39500725893346,0.03684955835342407,0
550,12.11704159722197,0.011352243833243847,0
551,12.643302395212654,0.001967609627172351,0
552,13.68227694824337,0.005844409577548504,0
553,14.049114526777911,0.01406529825180769,0
554,14.669739043251484,0.03590163215994835,0
555,14.954310527376345,0.04876750335097313,0
556,15.319480641154705,0.06820383667945862,0
557,15.575296914072766,0.08327676355838776,0
558,15.897110737035426,0.10461027920246124,0
559,15.554811536280283,0.07912386208772659,0
560,15.504816289557574,0.07429870218038559,0
561,15.628766551942611,0.08124078065156937,0
562,14.73432843048233,0.0323292538523674,0
563,13.755918776919296,0.004285483155399561,0
564,13.549829362623663,0.0016991285374388099,0
565,12.401907153853632,0.008387825451791286,0
566,11.291004136910518,0.04806522652506828,0
567,11.062492578707646,0.059478502720594406,0
568,10.385837104447868,0.10203755646944046,0
569,10.570561318087442,0.08722902834415436,0
570,10.574317355243853,0.08529262989759445,0
571,11.134172776418705,0.05036741867661476,0
572,10.955670749119031,0.058801066130399704,0
573,11.16512854960324,0.04650909826159477,0
574,11.972821674355057,0.014406153000891209,0
575,11.638426697159748,0.024665240198373795,0
576,12.993791358726604,1.5817036000953522e-06,0
577,13.775220790378192,0.008472590707242489,0
578,13.676696945759128,0.006444812286645174,0
579,14.954116415492566,0.05165661498904228,0
580,15.082416571238143,0.05779970437288284,0
581,15.07828342763445,0.05660991743206978,0
582,15.44985130699694,0.07774553447961807,0
583,15.827751708794322,0.10249126702547073,0
584,14.922857198919614,0.04532414302229881,0
585,14.51680470973914,0.026865169405937195,0
586,13.75797580500708,0.005558436270803213,0
587,13.009007257337917,0.00016837169823702425,0
588,12.837100744963244,0.0010934375459328294,0
589,11.65521428405,0.02876323275268078,0
590,11.301685796296676,0.04383106157183647,0
591,10.590364232121484,0.08405677229166031,0
592,10.451396625321896,0.09219269454479218,0
593,10.129554780133086,0.11434786021709442,0
594,10.227245236112315,0.10482270270586014,0
595,9.820125278538882,0.13519170880317688,0
596,10.11416987042216,0.1090724989771843,0
597,10.271380682734764,0.09536956250667572,0
598,10.922439202484016,0.0531529001891613,0
599,11.74522891570134,0.01770889200270176,0
600,12.47998959369956,0.0021805032156407833,0
601,12.597583112884587,0.0010573389008641243,0
602,13.71288177603168,0.009300055913627148,0
603,14.351832649395584,0.028625091537833214,0
604,14.442437933977285,0.031611695885658264,0
605,15.10779716103128,0.06370265036821365,0
606,14.375071398781945,0.027193034067749977,0
607,14.126588225706746,0.017914874479174614,0
608,20.147854104579476,0.6849291920661926,1
609,14.259894821463895,0.019772473722696304,0
610,13.469868199442352,0.0021582134068012238,0
611,12.634994832966848,0.002687618136405945,0
612,12.070525401921548,0.013877730816602707,0
613,10.984627449240854,0.0591304711997509,0
614,11.436734574432236,0.035968828946352005,0
615,10.208620042243592,0.10907448828220367,0
616,9.790934605892826,0.14144565165042877,0
617,9.712623106643266,0.14597855508327484,0
618,9.54152767519908,0.15875244140625,0
619,9.538100836865082,0.1561717391014099,0
620,9.473095154989949,0.15917322039604187,0
621,10.239566889927753,0.09404686093330383,0
622,11.17214910431358,0.03837524354457855,0
623,11.606837740058934,0.02064700238406658,0
624,6.241497652227845,0.5809668302536011,1
625,12.332629731240289,0.002822717884555459,0
626,19.47069118484242,0.5967128276824951,1
627,13.56206110902189,0.007065624929964542,0
628,14.01201794540274,0.01784222200512886,0
629,14.572631457433232,0.03827843815088272,0
630,13.822260611085554,0.011211222968995571,0
631,14.705239097730148,0.042203065007925034,0
632,13.951898102142469,0.01333294715732336,0
633,13.477732864067548,0.003410821780562401,0
634,12.78930402644183,0.0005240367609076202,0
635,11.999537432609968,0.013248976320028305,0
636,12.10300884544312,0.010665780864655972,0
637,11.23920711636902,0.04120852053165436,0
638,10.2365534854488,0.10088275372982025,0
639,9.72760275116786,0.14022649824619293,0
640,9.629502081836495,0.1467798799276352,0
641,2.564204420164087,1.430963158607483,1
642,9.34334750026898,0.16318164765834808,0
643,9.069950233538211,0.18573687970638275,0
644,9.712393248285546,0.12428458780050278,0
645,10.118036616726682,0.09152428805828094,0
646,17.13224322791062,0.26018986105918884,0
647,11.339985703475032,0.026620270684361458,0
648,11.95325445496294,0.008652796968817711,0
649,12.898532143683951,0.0002278786851093173,0
650,13.868245331019688,0.015686094760894775,0
651,14.19105103688143,0.02552790381014347,0
652,14.1922587120779,0.02457231655716896,0
653,14.214026864077676,0.024347109720110893,0
654,15.427216099487971,0.08562374860048294,0
655,14.61252394746822,0.03783561661839485,0
656,14.374586250584118,0.026908719912171364,0
657,13.991903765621087,0.01361751090735197,0
658,13.567425428230385,0.004232232458889484,0
659,12.888924586560682,0.00023517390945926309,0
660,12.14079440664194,0.01061141025274992,0
661,11.529981085415756,0.030237646773457527,0
662,11.1099011994421,0.04925907403230667,0
663,10.467982366129414,0.08701607584953308,0
664,10.049278616207015,0.11659016460180283,0
665,2.8630653319608363,1.3667372465133667,1
666,9.91149008760869,0.11971025913953781,0
667,10.554654045121788,0.07154691219329834,0
668,9.58841173508008,0.14136922359466553,0
669,11.139113521727715,0.03743434324860573,0
670,11.734041482880098,0.01511645782738924,0
671,11.372022362100152,0.027022670954465866,0
672,12.569193721775878,0.0006423084996640682,0
673,13.238528308378628,0.002646693028509617,0
674,13.561530566453753,0.007631482090801001,0
675,14.298993527571788,0.029103057458996773,0
676,14.627124568762287,0.04255404323339462,0
677,15.766224984480074,0.11192359775304794,0
678,15.636720265109288,0.09938272088766098,0
679,15.682336330302936,0.09998185187578201,0
680,15.297369268202782,0.07152219116687775,0
681,14.374274671165358,0.024614576250314713,0
682,14.066916739609256,0.01402084156870842,0
683,13.796773600580464,0.0071910712867975235,0
684,12.664468648626508,0.0022936384193599224,0
685,12.625666818913883,0.002823746996000409,0
686,5.708197898910415,0.7273768186569214,1
687,11.232412465981003,0.04377331584692001,0
688,11.186880527450864,0.04505765065550804,0
689,10.88252057618196,0.06018568575382233,0
690,10.580501991741263,0.0772789940237999,0
691,11.145814304309091,0.044209420680999756,0
692,10.74675568247566,0.06473559141159058,0
693,11.675699154066098,0.021028297021985054,0
694,12.208371874854402,0.006759116891771555,0
695,12.561465833965842,0.0017029560403898358,0
696,13.419305092646988,0.0033634225837886333,0
697,13.612391763654069,0.006332807242870331,0
698,14.886199125214842,0.05085337534546852,0
699,15.088675671416093,0.06081375107169151,0
700,15.401066926332907,0.07841140031814575,0
701,16.137809648277432,0.1310839056968689,0
702,15.711471987159108,0.09559755772352219,0
703,15.428525981509598,0.0746413841843605,0
704,15.146773756319307,0.05649275332689285,0
705,21.510510149821187,0.9427527189254761,1
706,14.336329438880025,0.018193919211626053,0
707,14.653226528382913,0.028632434085011482,0
708,12.8633635073803,0.001579134608618915,0
709,13.356942476317348,0.0002839263470377773,0
710,12.314369901140935,0.010834002867341042,0
711,4.470408942654128,1.020788311958313,1
712,11.181223802241169,0.05208856612443924,0
713,11.217366832413669,0.04890970140695572,0
714,11.002709589272548,0.059184979647397995,0
715,11.430616562713018,0.03651660308241844,0
716,11.38296782288246,0.03788335248827934,0
717,11.789293343386756,0.021148081868886948,0
718,12.149980997315923,0.010385088622570038,0
719,12.840921878714004,0.0004281856236048043,0
720,13.592282860413096,0.004456635564565659,0
721,13.62773775599054,0.005000949837267399,0
722,14.332002617997126,0.022992193698883057,0
723,15.468852845419883,0.07950040698051453,0
724,15.685022139814825,0.09296701848506927,0
725,15.817869369512843,0.10103994607925415,0
726,15.952305274241551,0.10949856787919998,0
727,15.953381392134856,0.10785463452339172,0
728,15.423955928395852,0.0700899139046669,0
729,14.940654894728354,0.042767491191625595,0
730,14.699744595982084,0.03144914656877518,0
731,13.728214003285157,0.004063799977302551,0
732,13.479941012688776,0.0011887002037838101,0
733,12.18155468448877,0.013426699675619602,0
734,6.37696400026915,0.6178588271141052,1
735,11.674697716706794,0.028239237144589424,0
736,11.191883601049836,0.049102120101451874,0
737,11.138822658483472,0.050725940614938736,0
738,11.236434174825758,0.04475022479891777,0
739,11.103552602241573,0.05043330788612366,0
740,10.473330267590285,0.08707509189844131,0
741,11.014985618225218,0.0530051551759243,0
742,11.704554426691288,0.021929511800408363,0
743,12.477594604925343,0.0032417518086731434,0
744,13.246404697434748,0.0010807500220835209,0
745,13.494238088266036,0.00379858142696321,0
746,14.344302848836248,0.025425156578421593,0
747,14.552375322824478,0.03320661932229996,0
748,14.965412308092258,0.052120551466941833,0
749,14.94887147275022,0.05032079666852951,0
750,15.151046773331782,0.060311008244752884,0
751,14.909038469768111,0.046352047473192215,0
752,14.74353534650884,0.037666235119104385,0
753,14.926431072831356,0.045535340905189514,0
754,13.778964408219586,0.006213577464222908,0
755,14.221675187628668,0.016614669933915138,0
756,12.90399537026426,0.0006087841466069221,0
757,12.135490268931145,0.012945201247930527,0
758,11.190708591076518,0.04950724169611931,0
759,11.11175442997368,0.052997689694166183,0
760,10.30301132972662,0.10361316800117493,0
761,10.234059092940615,0.10710873454809189,0
762,10.85200861431559,0.06399418413639069,0
763,3.631249057917625,1.1764695644378662,1
764,10.707914348895866,0.06703762710094452,0
765,10.522056869931726,0.07643787562847137,0
766,11.213230633357746,0.03731472045183182,0
767,12.331278958478586,0.0037892600521445274,0
768,12.232802891369603,0.005166380666196346,0
769,13.585967277536868,0.007230590563267469,0
770,13.83232558063666,0.012664501555263996,0
771,13.9444012589858,0.015360175631940365,0
772,14.676129784726854,0.042687367647886276,0
773,21.725473762434984,1.037643551826477,1
774,14.961751147178171,0.05234682187438011,0
775,14.19691722073304,0.018589885905385017,0
776,14.178784166496934,0.01724865287542343,0
777,13.90482593735171,0.00945874210447073,0
778,13.41922847380614,0.0015437002293765545,0
779,13.005871863505142,9.393974323756993e-05,0
780,12.2078451143056,0.010516759008169174,0
781,11.089670855817287,0.053632453083992004,0
782,10.985068335848997,0.05873832479119301,0
783,10.521029411236189,0.08656793087720871,0
784,10.09405330189068,0.11645347625017166,0
785,9.98712733714003,0.12299740314483643,0
786,9.815401552042736,0.13500355184078217,0
787,9.776689653349871,0.13582652807235718,0
788,9.8571877781859,0.1266147494316101,0
789,9.767838102732142,0.13162055611610413,0
790,10.904427221110824,0.052065007388591766,0
791,11.433518032361356,0.027156973257660866,0
792,12.09353132141315,0.0075709884986281395,0
793,12.270969861423596,0.00441387202590704,0
794,12.928618376897392,9.614082955522463e-05,0
795,14.083743041051587,0.020356491208076477,0
796,14.15143392555916,0.022125093266367912,0
797,14.61682421110373,0.040185317397117615,0
798,21.31967658755808,0.945464551448822,1
799,14.42330084374069,0.028032440692186356,0
800,14.44878561350894,0.027800895273685455,0
801,13.61898376658658,0.004586522467434406,0
802,13.289771572102254,0.000764268625061959,0
803,12.52531184755814,0.00380612351000309,0
804,11.893708802024875,0.018312247470021248,0
805,11.292460089171858,0.04187246784567833,0
806,10.858181886861251,0.06442288309335709,0
807,10.14050179628787,0.11228761076927185,0
808,10.274964329295605,0.10053592175245285,0
809,9.392553438915511,0.17336641252040863,0
810,9.533163412429657,0.15732130408287048,0
811,3.020625066501558,1.3119052648544312,1
812,10.388209532817474,0.08131277561187744,0
813,10.42682012060444,0.07659409195184708,0
814,11.212562342387832,0.033445317298173904,0
815,11.078606051519264,0.03861835226416588,0
816,12.270649893786295,0.003300580894574523,0
817,13.124559472926936,0.0016934772720560431,0
818,13.506243699318755,0.007058161776512861,0
819,14.34072564053674,0.03183501586318016,0
820,14.285738784214228,0.028620775789022446,0
821,15.136788868755822,0.06991583853960037,0
822,15.512877595598791,0.09243877232074738,0
823,14.653906849131983,0.04021758586168289,0
824,14.404756706589978,0.028296859934926033,0
825,14.603156634889412,0.03537382185459137,0
826,14.1498716437192,0.017606450244784355,0
827,12.943374701991903,8.477891969960183e-05,0
828,12.354836963577275,0.006125580053776503,0
829,11.777503385129746,0.021207785233855247,0
830,10.884392027196634,0.06183348596096039,0
831,10.52341421352425,0.08362985402345657,0
832,10.12989012098456,0.11076700687408447,0
833,9.980790928664067,0.12083329260349274,0
834,10.14557778661891,0.10614253580570221,0
835,10.341720568307933,0.09021768718957901,0
836,11.016852825442196,0.04828886315226555,0
837,10.680155253929325,0.0658854991197586,0
838,11.823512644673825,0.015017650090157986,0
839,12.097842778554924,0.008086107671260834,0
840,12.8251608871043,3.012935667356942e-05,0
841,13.720406415827323,0.009415997192263603,0
842,13.81496746840039,0.011377113871276379,0
843,14.81506145770425,0.04862931743264198,0
844,7.441413936972073,0.40187907218933105,0
845,15.556279230655443,0.09416709840297699,0
846,15.610767340337397,0.09669864177703857,0
847,16.205459843777945,0.1419859230518341,0
848,15.057545653714431,0.05780526623129845,0
849,14.72169111603,0.039420560002326965,0
850,14.205330661565714,0.018520936369895935,0
851,13.651318096464031,0.004880900029093027,0
852,13.007890853102086,3.697910506161861e-05,0
853,12.936472249194455,0.00023294980928767473,0
854,12.430151274396914,0.005534536205232143,0
855,11.341634820121062,0.04008530080318451,0
856,4.039643389154097,1.0875848531723022,1
857,11.058666249652056,0.05048035457730293,0
858,10.691124928202695,0.06980513781309128,0
859,11.15589490862648,0.043111976236104965,0
860,11.299951587011009,0.035625066608190536,0
861,11.204195237483637,0.03918630629777908,0
862,12.662693057862883,0.000771474908106029,0
863,13.361093067688673,0.0028307291213423014,0
864,13.305628578829086,0.002129552885890007,0
865,14.03941536858884,0.01689576916396618,0
866,14.862750636670285,0.04992154240608215,0
867,15.412483349345084,0.08085982501506805,0
868,15.923447114290456,0.11578674614429474,0
869,16.594168242156265,0.17151296138763428,0
870,16.03769092607372,0.11948180198669434,0
871,15.77957519705712,0.09740811586380005,0
872,15.367966739972132,0.06818565726280212,0
873,15.176594605230466,0.05577423796057701,0
874,14.878520152766791,0.03949078917503357,0
875,14.83315563284296,0.036741845309734344,0
876,13.500658940034588,0.0012955417623743415,0
877,13.083141951322029,0.00016580145165789872,0
878,12.414137792158282,0.0081673888489604,0
879,20.154570085046863,0.648395299911499,1
880,12.270779256045916,0.01225645188242197,0
881,11.106365366231955,0.06020102649927139,0
882,11.035168167244532,0.06368353217840195,0
883,11.58087426122876,0.03515409305691719,0
884,11.721266975171732,0.028750397264957428,0
885,12.466215012669036,0.006682634819298983,0
886,12.602243116577853,0.0042516621761024,0
887,12.918217938594257,0.0007568190922029316,0
888,13.845138778953148,0.006479348987340927,0
889,14.641399347962375,0.029826747253537178,0
890,15.150602898988096,0.053370144218206406,0
891,15.566055826545243,0.07725884765386581,0
892,16.121764915253213,0.11618359386920929,0
893,16.391853047552345,0.13715828955173492,0
894,16.529422791633195,0.14765556156635284,0
895,16.211719846803252,0.1193731278181076,0
896,15.703748408393617,0.08124859631061554,0
897,15.38616041827901,0.06101803109049797,0
898,15.170943709405304,0.04891350865364075,0
899,13.94464513527345,0.006180816330015659,0
900,13.63606717863633,0.0018430264899507165,0
901,12.74232812206193,0.003614201443269849,0
902,12.247064944344295,0.01355808600783348,0
903,12.084454030765087,0.017906101420521736,0
904,11.340404401161615,0.04759702458977699,0
905,11.025946327746688,0.06361819058656693,0
906,10.496834999193013,0.09659402072429657,0
907,3.2142756646173307,1.3208222389221191,1
908,11.387237791332089,0.03834967687726021,0
909,12.215835125237552,0.009113277308642864,0
910,11.967666529514071,0.014774191193282604,0
911,12.703512388161323,0.0011823811801150441,0
912,13.333922096407216,0.0015728239668533206,0
913,7.025548266435719,0.47440105676651,1
914,14.427684159777018,0.029482487589120865,0
915,15.030696660261563,0.05831575393676758,0
916,15.49923660190476,0.08670865744352341,0
917,15.594852538751589,0.09206210821866989,0
918,15.462086662799896,0.08156876266002655,0
919,15.540770849322508,0.08535905182361603,0
920,15.526386847359944,0.08284905552864075,0
921,14.470383944025702,0.02659914270043373,0
922,14.271674977113255,0.019108660519123077,0
923,13.389924323695643,0.0012052261736243963,0
924,13.282513988677463,0.00046036008279770613,0
925,11.7910833603875,0.022960031405091286,0
926,11.448539370949426,0.036287397146224976,0
927,11.182825028670408,0.04840380325913429,0
928,11.113359886368269,0.05125320330262184,0
929,10.345731070225115,0.09812688827514648,0
930,10.08542339482699,0.11610814929008484,0
931,10.873477319027486,0.06087839975953102,0
932,10.096728180885316,0.11157255619764328,0
933,10.24136801048345,0.09877920895814896,0
934,11.52373151552281,0.02664179541170597,0
935,11.817422500482127,0.016255078837275505,0
936,12.2825231635667,0.005260998848825693,0
937,13.422739644327642,0.003505796194076538,0
938,13.861140214131302,0.011983069591224194,0
939,14.111917702533097,0.018874231725931168,0
940,14.270316143408918,0.023740895092487335,0
941,15.142495615747896,0.06400518119335175,0
942,15.138268511900607,0.06243570148944855,0
943,14.806231877566368,0.04329078644514084,0
944,22.97971325839732,1.3239167928695679,1
945,13.826056098119327,0.00712487893179059,0
946,13.151900951258687,1.5408631952595897e-05,0
947,12.780097813275589,0.0016358655411750078,0
948,12.308859009119,0.009122645482420921,0
949,11.731275998227217,0.02628175914287567,0
950,10.966638163190323,0.06229352205991745,0
951,10.611470306605296,0.08347057551145554,0
952,9.718654340254249,0.15192748606204987,0
953,2.27885890972008,1.5527032613754272,1
954,9.708579552160296,0.14286990463733673,0
955,10.142124379057773,0.10426793247461319,0
956,10.149055095536829,0.10109110921621323,0
957,10.57115234853306,0.07050057500600815,0
958,11.114471939440753,0.03993690013885498,0
959,11.673524294217597,0.017760368064045906,0
960,12.372874498214708,0.002640778198838234,0
961,5.801862463941449,0.6565347909927368,1
962,13.479891689930293,0.00672481395304203,0
963,14.148498312328304,0.02524813823401928,0
964,14.30437976342998,0.030703827738761902,0
965,15.012409166526796,0.06479860842227936,0
966,14.463082309382218,0.03521568700671196,0
967,15.122656131765218,0.06794381886720657,0
968,14.323253086522843,0.027068957686424255,0
969,13.512564654416392,0.00458034873008728,0
970,13.467366663493154,0.0036115036346018314,0
971,12.627678936927207,0.0015145402867347002,0
972,12.44425073495114,0.003748850664123893,0
973,11.357424532421756,0.03515445068478584,0
974,10.825686725406722,0.061615727841854095,0
975,9.885264163503267,0.12660662829875946,0
976,9.930545595848836,0.12140681594610214,0
977,9.101771831592664,0.1951024830341339,0
978,9.282054058632344,0.1743268221616745,0
979,10.08501751631692,0.10327623039484024,0
980,10.357856215106592,0.08243606984615326,0
981,10.663490956186491,0.06225597858428955,0
982,10.780916137608456,0.05483584105968475,0
983,11.677960756587812,0.016757570207118988,0
984,12.357454052298326,0.002541991649195552,0
985,12.678160827482118,0.00018789933528751135,0
986,14.100577993066253,0.022402020171284676,0
987,14.452290215189825,0.03532039001584053,0
988,14.542636067095463,0.03817248344421387,0
989,14.8900503883985,0.05394057556986809,0
990,15.053723000897277,0.061291854828596115,0
991,14.3182379567366,0.025087689980864525,0
992,14.63225424825404,0.03678803890943527,0
993,14.13054601735478,0.017141995951533318,0
994,13.543513997031532,0.0036842222325503826,0
995,13.183902622272049,0.00030383217381313443,0
996,13.188198966760911,0.0002787755220197141,0
997,12.22229162616795,0.009196484461426735,0
998,11.284373483572098,0.04177408665418625,0
999,11.138784631876373,0.04854867234826088,0
1000,11.018938981985986,0.054222989827394485,0
1001,10.65652030306914,0.07458635419607162,0
1002,16.883160247774534,0.20112459361553192,0
1003,10.245375115235296,0.10325182974338531,0
1004,10.929169671682072,0.05798044428229332,0
1005,4.843455196661398,0.8880810737609863,1
1006,11.964773891139153,0.012743009254336357,0
1007,12.520590972327213,0.0021806953009217978,0
1008,13.32286581459581,0.002204328775405884,0
1009,13.525390004709225,0.004930705297738314,0
1010,14.715002294559357,0.042818449437618256,0
1011,14.927618415256685,0.052667319774627686,0
1012,15.91887558418959,0.11663375794887543,0
1013,15.369787506026126,0.07543788105249405,0
1014,16.212805888114623,0.13614025712013245,0
1015,15.696243036843477,0.09337976574897766,0
1016,15.221442247905465,0.06125946715474129,0
1017,14.90382445231426,0.043292198330163956,0
1018,14.464168627034867,0.02400195598602295,0
1019,14.113211016132706,0.012669801712036133,0
1020,13.523957637704717,0.0018574660643935204,0
1021,12.575657288680569,0.00453167175874114,0
1022,12.164693622321805,0.013157940469682217,0
1023,12.323539815829424,0.009157268330454826,0
1024,11.827855488020052,0.02317863516509533,0
1025,11.216138683638352,0.0491640567779541,0
1026,11.036192884937448,0.057932332158088684,0
1027,11.1700247613153,0.04977812245488167,0
1028,11.59113007257477,0.029698118567466736,0
1029,11.520080702423268,0.031928788870573044,0
1030,12.289228536236903,0.007732564117759466,0
1031,12.48975454359672,0.004038200248032808,0
1032,13.777232122755963,0.007501698099076748,0
1033,14.517884618480434,0.029517723247408867,0
1034,14.800035080762983,0.04130006954073906,0
1035,15.95234234133602,0.11164767295122147,0
1036,15.526154133587896,0.07979872077703476,0
1037,15.719794416463428,0.09159386903047562,0
1038,16.326110639889926,0.13724049925804138,0
1039,16.501193861202307,0.1505812406539917,0
1040,16.454940815813828,0.14444556832313538,0
1041,15.426208338352376,0.06682673841714859,0
1042,15.380062494658276,0.06318625062704086,0
1043,14.451235732937432,0.02023906446993351,0
1044,13.772154139763284,0.003944003488868475,0
1045,13.44910354707638,0.0006278750370256603,0
1046,12.782761524504153,0.0027064632158726454,0
1047,11.601285167852955,0.03538006544113159,0
1048,12.123661633201609,0.015930702909827232,0
1049,11.847653404352274,0.024569327011704445,0
1050,11.162331189547142,0.05491243302822113,0
1051,11.554367058139256,0.034909918904304504,0
1052,11.83290858416865,0.023287758231163025,0
1053,12.158404944695384,0.0127872871235013,0
1054,12.42997311482648,0.0064143771305680275,0
1055,12.9925185554488,0.0001900509960250929,0
1056,13.828276108448067,0.006985151208937168,0
1057,14.828606979565292,0.03969065099954605,0
1058,15.235538291007195,0.06022262945771217,0
1059,15.470689317587208,0.07354271411895752,0
1060,16.20127212157096,0.1253334879875183,0
1061,15.354501584229627,0.06448730081319809,0
1062,16.627404804433567,0.15968084335327148,0
1063,15.663192746892914,0.08174947649240494,0
1064,15.813151550067744,0.09099476784467697,0
1065,15.174245343961186,0.05120216682553291,0
1066,14.588586576736548,0.024781838059425354,0
1067,14.7059738727832,0.029018111526966095,0
1068,13.553154825580842,0.0013291607610881329,0
1069,13.132280930279377,0.00014491038746200502,0
1070,12.392365323800057,0.009418554604053497,0
1071,19.80341060868308,0.5792981386184692,1
1072,11.474121248073732,0.0422586128115654,0
1073,10.795117696043263,0.08015793561935425,0
1074,11.37167188732113,0.046035636216402054,0
1075,10.987114607787744,0.06608923524618149,0
1076,10.894617967391827,0.07042752206325531,0
1077,18.718805545216103,0.4119027853012085,0
1078,12.678227937190249,0.003505429020151496,0
1079,13.060833812496169,0.00020970132027287036,0
1080,6.391837483092707,0.6162183284759521,1
1081,13.943183920916576,0.008684501051902771,0
1082,14.527782304127932,0.02614627592265606,0
1083,15.738014597598692,0.09102547913789749,0
1084,23.251577653755824,1.3676942586898804,1
1085,15.835882295961996,0.09349633753299713,0
1086,16.073101783374607,0.10947434604167938,0
1087,8.905269436343993,0.25007468461990356,0
1088,15.294584678655813,0.058318402618169785,0
1089,14.887433579123494,0.037637434899806976,0
1090,20.72759806883765,0.7555388808250427,1
1091,13.756793897224464,0.0034778094850480556,0
1092,13.31028886309113,4.8641410103300586e-05,0
1093,6.352839530179204,0.6357941627502441,1
1094,12.004007948295532,0.019303208217024803,0
1095,11.213446492118496,0.05201146379113197,0
1096,10.835293234692768,0.07239000499248505,0
1097,9.933995943187384,0.1370072066783905,0
1098,10.694881555245694,0.07753460854291916,0
1099,10.5810767409647,0.08308828622102737,0
1100,10.998535383968072,0.05600014328956604,0
1101,10.200133184011406,0.10577420890331268,0
1102,12.18623959194101,0.00854658242315054,0
1103,12.094161879341408,0.010286545380949974,0
1104,13.089347853727146,0.00022535376774612814,0
1105,13.066260932000157,0.00016149044677149504,0
1106,14.139832171518757,0.018714547157287598,0
1107,14.133116622802005,0.01846722885966301,0
1108,14.635276774801472,0.03708895668387413,0
1109,15.62296782342388,0.09293845295906067,0
1110,15.054003438284006,0.05548688396811485,0
1111,15.069214498654109,0.05529629811644554,0
1112,14.993945638451006,0.05031764134764671,0
1113,14.463786094408922,0.02594248577952385,0
1114,13.822684174079203,0.0073876818642020226,0
1115,13.26515853497978,0.0004052832373417914,0
1116,13.211559489597152,0.00017305201618000865,0
1117,11.808988524320354,0.022475993260741234,0
1118,11.267338694561737,0.044838935136795044,0
1119,10.989050006453306,0.0587918721139431,0
1120,10.593773947398754,0.08176737278699875,0
1121,10.35500221114175,0.09688140451908112,0
1122,10.09284397228682,0.1148419976234436,0
1123,9.632034155762184,0.15165163576602936,0
1124,10.704266951313835,0.068625308573246,0
1125,10.2582227648813,0.09654891490936279,0
1126,11.20233239494278,0.03947533294558525,0
1127,11.48092897120664,0.027043456211686134,0
1128,12.328816166276525,0.004207030404359102,0
1129,13.08862315726076,0.0005560916033573449,0
1130,13.685342503654915,0.008511798456311226,0
1131,14.230373411322324,0.023729398846626282,0
1132,14.98341385243373,0.05727904662489891,0
1133,14.884434292346144,0.05074848234653473,0
1134,14.760753009412806,0.04338839277625084,0
1135,15.039600152378489,0.0565631277859211,0
1136,14.860141618393518,0.045922718942165375,0
1137,13.741514840510725,0.006781593896448612,0
1138,13.776155359974894,0.0071650538593530655,0
1139,19.71639893870347,0.5926553606987,1
1140,12.270788619246549,0.009305614978075027,0
1141,12.133923770205907,0.012825599871575832,0
1142,11.082525079261416,0.05520818382501602,0
1143,10.657799318828356,0.080097496509552,0
1144,10.18231594433841,0.11299685388803482,0
1145,10.001609343855796,0.12565697729587555,0
1146,9.5963423796095,0.1586279720067978,0
1147,9.592877854695358,0.1561490148305893,0
1148,10.768467686478855,0.06534702330827713,0
1149,10.44976528315544,0.08388914167881012,0
1150,10.94159127571025,0.05287922918796539,0
1151,11.2142571293492,0.038467973470687866,0
1152,12.334846289718694,0.004199742339551449,0
1153,12.79674329621768,0.00011591573274927214,0
1154,21.57758625010812,1.0077310800552368,1
1155,14.660026654819946,0.038851503282785416,0
1156,14.570480215691,0.03363454341888428,0
1157,15.725715378303445,0.09854188561439514,0
1158,15.453737804610494,0.0778268575668335,0
1159,15.001309002211288,0.04996688291430473,0
1160,14.124585748548125,0.014300153590738773,0
1161,15.190424063531408,0.05811131373047829,0
1162,13.595128259970886,0.0029693322721868753,0
1163,12.94261308605086,0.00048164319014176726,0
1164,13.123664138308898,1.7351808310195338e-06,0
1165,12.92996448968972,0.0005695346626453102,0
1166,12.03900902606005,0.01606704108417034,0
1167,11.304182533485198,0.04447949305176735,0
1168,10.945558653509815,0.06289982795715332,0
1169,10.803154865829391,0.07017794996500015,0
1170,10.719661829770978,0.07416868954896927,0
1171,10.691813575737797,0.07458842545747757,0
1172,10.918963008783509,0.059699781239032745,0
1173,11.296883527781128,0.03931719437241554,0
1174,11.63802654847087,0.024599261581897736,0
1175,12.413836908762502,0.0042988890781998634,0
1176,12.668112955741442,0.0012499529402703047,0
1177,13.824458680138878,0.00973112415522337,0
1178,14.191206742723825,0.019716108217835426,0
1179,14.705261738684264,0.039430782198905945,0
1180,15.518265567748076,0.08452092111110687,0
1181,16.16214453735639,0.131469264626503,0
1182,16.135511728965742,0.12706774473190308,0
1183,15.333719620717748,0.067959725856781,0
1184,15.287979208018749,0.06441636383533478,0
1185,15.49922155892699,0.07602185010910034,0
1186,14.433526601431629,0.022495325654745102,0
1187,14.086571287212976,0.011718635447323322,0
1188,13.700122621001382,0.0038886491674929857,0
1189,12.625263953403142,0.0039314995519816875,0
1190,12.371612651843844,0.008453503251075745,0
1191,11.44865105977047,0.03921820595860481,0
1192,11.29718224380445,0.04586890712380409,0
1193,11.349176162978887,0.042611703276634216,0
1194,18.30252992924356,0.35911130905151367,0
1195,11.434157784687953,0.03908964619040489,0
1196,11.569183341077592,0.032829649746418,0
1197,12.16066545830797,0.012462340295314789,0
1198,12.601615737683227,0.003561647143214941,0
1199,13.5675718947522,0.0027778600342571735,0
1200,13.8630325367688,0.007545892149209976,0
1201,14.362904174231948,0.020823432132601738,0
1202,15.14968027036252,0.05497249588370323,0
1203,15.811135721059864,0.09580123424530029,0
1204,16.076541853586335,0.11441107094287872,0
1205,16.339284387887517,0.13430780172348022,0
1206,16.21617758797991,0.12244636565446854,0
1207,16.156194095153364,0.11620619148015976,0
1208,15.696980926836604,0.08169233053922653,0
1209,16.256746640169105,0.1218109279870987,0
1210,14.851299274011584,0.03413569927215576,0
1211,14.422916714448828,0.018062785267829895,0
1212,13.77642015007472,0.003502401988953352,0
1213,13.62048287891366,0.0016928004333749413,0
1214,12.666579757492478,0.004752939101308584,0
1215,12.616525436750416,0.005445269402116537,0
1216,11.646652341010723,0.03418242931365967,0
1217,11.685324246775204,0.03190762177109718,0
1218,11.267395884022074,0.050628241151571274,0
1219,19.74132727069812,0.5732420086860657,1
1220,11.496420002575,0.03977255895733833,0
1221,12.341149028016355,0.010123137384653091,0
1222,12.953197725259653,0.0008314915467053652,0
1223,19.58873299302814,0.5465468168258667,1
1224,13.948356032082096,0.007087265606969595,0
1225,14.6058420638675,0.02544591762125492,0
1226,15.25360168622264,0.05456560105085373,0
1227,15.705773016724528,0.0811353474855423,0
1228,16.42692624341495,0.13471755385398865,0
1229,17.040221270896033,0.19051769375801086,0
1230,16.283527558819586,0.12049348652362823,0
1231,15.942165986652643,0.09379708021879196,0
1232,16.06339921798328,0.10193908959627151,0
1233,16.45205911364529,0.1320067048072815,0
1234,14.90388864906198,0.03353675827383995,0
1235,15.017460878202812,0.03842335194349289,0
1236,14.364775430197431,0.014467758126556873,0
1237,13.030253293247716,0.0011528029572218657,0
1238,12.745136421219472,0.004356969613581896,0
1239,12.52543745892144,0.00812391098588705,0
1240,11.505336358459386,0.04271860420703888,0
1241,11.286941255269149,0.052811142057180405,0
1242,11.066287567302394,0.06395486742258072,0
1243,10.998814563528256,0.06654445081949234,0
1244,11.334809273469975,0.04676808416843414,0
1245,11.53567662821721,0.036212507635354996,0
1246,12.406225040477764,0.0075891874730587006,0
1247,12.742775320544574,0.0021425331942737103,0
1248,13.665242764831168,0.0038252542726695538,0
1249,13.749192538351064,0.0053644790314137936,0
1250,14.891536889157402,0.04224502667784691,0
1251,15.53304889101315,0.07789947092533112,0
1252,15.05474695621838,0.04956755042076111,0
1253,15.98708677275896,0.10908287763595581,0
1254,16.30031744490704,0.13299588859081268,0
1255,15.455651545845663,0.07022035121917725,0
1256,16.042069038453388,0.10978170484304428,0
1257,15.240044236658866,0.05609985440969467,0
1258,14.356280518141649,0.017814351245760918,0
1259,13.91922984488006,0.0067893024533987045,0
1260,13.427498073756505,0.0006395515520125628,0
1261,12.60684104924633,0.004823740106076002,0
1262,12.113842722864844,0.015784354880452156,0
1263,11.129459388227223,0.05669380724430084,0
1264,11.030510924808809,0.06124577671289444,0
1265,10.277341799475511,0.11031214892864227,0
1266,10.55461543443034,0.08820566534996033,0
1267,10.373957905755848,0.09912438690662384,0
1268,10.646473368233272,0.07844628393650055,0
1269,11.607837750032576,0.027514323592185974,0
1270,12.055120216685117,0.012529581785202026,0
1271,12.486780204060022,0.003645439865067601,0
1272,12.597199179304168,0.0021650027483701706,0
1273,13.451310175229423,0.0028011933900415897,0
1274,14.48792930999366,0.029811473563313484,0
1275,14.659656365846107,0.03663863614201546,0
1276,15.686206325004674,0.09525015205144882,0
1277,15.33475376908217,0.07057009637355804,0
1278,15.336822893460026,0.06952565163373947,0
1279,15.079249697439424,0.05365407094359398,0
1280,14.94098759067904,0.04566669464111328,0
1281,14.437340577103043,0.023627737537026405,0
1282,14.157991105542663,0.014397941529750824,0
1283,13.610680929278375,0.0031002399045974016,0
1284,12.422737975873234,0.0067575047723948956,0
1285,11.594904277363051,0.031527046114206314,0
1286,10.824147368616211,0.0704425647854805,0
1287,10.994251085724752,0.05940176174044609,0
1288,10.09910618565924,0.11904110014438629,0
1289,9.52102594158792,0.16713915765285492,0
1290,10.185798487037356,0.10780253261327744,0
1291,10.89083548481118,0.05931029096245766,0
1292,17.758591525658026,0.30552569031715393,0
1293,11.021673615122436,0.052317533642053604,0
1294,11.304090562935384,0.038028065115213394,0
1295,11.845544830255015,0.01723843812942505,0
1296,12.791780615150802,0.0004430952249094844,0
1297,13.070912070913032,0.00012890314974356443,0
1298,13.837153033241446,0.009940429590642452,0
1299,14.368306526910574,0.02567962557077408,0
1300,14.466873335623175,0.028980150818824768,0
1301,15.213986706752918,0.06499910354614258,0
1302,14.949512072991377,0.049323149025440216,0
1303,14.691650454044112,0.03615519404411316,0
1304,14.832253424787291,0.04183056950569153,0
1305,14.008256790514476,0.011521883308887482,0
1306,13.773389686230631,0.006231990177184343,0
1307,13.165258735176524,5.8403365983394906e-05,0
1308,12.853826340003968,0.0008299865876324475,0
1309,12.031621196076498,0.015357065945863724,0
1310,11.28803366774759,0.04376035928726196,0
1311,11.033456272547046,0.05625368654727936,0
1312,10.819299756328808,0.06762569397687912,0
1313,10.332278721486905,0.09866110980510712,0
1314,10.09633069163108,0.11468785256147385,0
1315,9.799342249768568,0.1368454545736313,0
1316,10.13858206858871,0.10715561360120773,0
1317,10.780286276344674,0.06248641759157181,0
1318,11.2241553198994,0.03845183178782463,0
1319,11.97218277253473,0.011591996997594833,0
1320,12.71152979149458,0.00044215223169885576,0
1321,13.520578060546857,0.005301347468048334,0
1322,13.964408869118463,0.01539800688624382,0
1323,14.671032021164947,0.04168061539530754,0
1324,14.964267643687377,0.055530305951833725,0
1325,14.625344666794009,0.03751000016927719,0
1326,15.045407540367384,0.05741964280605316,0
1327,15.223532150547378,0.06621415913105011,0
1328,14.679499040157843,0.03666725382208824,0
1329,14.851119910753011,0.0436084009706974,0
1330,8.171599583517025,0.3198683559894562,0
1331,13.969861265647204,0.011508298106491566,0
1332,12.920860147426897,0.00021320376254152507,0
1333,12.813256608842876,0.0007371422252617776,0
1334,11.836327417667604,0.01961846649646759,0
1335,11.201884006134144,0.045227766036987305,0
1336,10.75111155194786,0.06936731189489365,0
1337,10.624389292248884,0.07622780650854111,0
1338,10.54353020727258,0.08021076023578644,0
1339,10.826581015259649,0.061568524688482285,0
1340,11.103874871912865,0.04575473815202713,0
1341,11.48457527219704,0.02822418510913849,0
1342,12.163297376054691,0.007760609965771437,0
1343,13.023233314258482,0.0001438354083802551,0
1344,13.62886624063236,0.006680895108729601,0
1345,13.576491177642238,0.005571005865931511,0
1346,13.889607734398558,0.012007366865873337,0
1347,15.484634507220818,0.08545112609863281,0
1348,15.222233712877363,0.06714057177305222,0
1349,15.845114230885178,0.10774077475070953,0
1350,15.676982839347248,0.09332408010959625,0
1351,15.432275670530682,0.07509089261293411,0
1352,15.915306467451265,0.10689280182123184,0
1353,15.612736750621378,0.08345165103673935,0
1354,14.723319699275184,0.0335812009871006,0
1355,13.544648544568563,0.002014805795624852,0
1356,13.539233656818356,0.0018686677794903517,0
1357,13.201308491482948,1.189904742204817e-05,0
1358,12.064326529367776,0.016460571438074112,0
1359,12.071866684179744,0.016064420342445374,0
1360,11.640999582237889,0.03094618208706379,0
1361,11.595029032616448,0.03230104222893715,0
1362,11.396665952011228,0.04040243849158287,0
1363,11.178094681035349,0.05033515766263008,0
1364,12.102046131254896,0.013329416513442993,0
1365,12.115359600074768,0.012643059715628624,0
1366,12.69425013561089,0.0019537298940122128,0
1367,13.046349378037991,7.2381167228741106e-06,0
1368,13.86048051061688,0.008428066968917847,0
1369,14.39428502236164,0.023462798446416855,0
1370,15.22910720147573,0.061888497322797775,0
1371,23.534557740324857,1.4578437805175781,1
1372,15.818313489609242,0.09482385218143463,0
1373,16.011038461163302,0.10702329128980637,0
1374,17.036126192570013,0.19625365734100342,0
1375,16.46026726727311,0.13943493366241455,0
1376,16.085040686778516,0.10730578750371933,0
1377,16.211845023431913,0.11587657034397125,0
1378,15.21077358270799,0.04965554550290108,0
1379,15.34659118785163,0.0564117468893528,0
1380,14.363320091147214,0.015078696422278881,0
1381,13.37363214338671,6.335814396152273e-05,0
1382,13.570257124959817,0.0009667043341323733,0
1383,12.22848833804716,0.015298849903047085,0
1384,12.239328139886654,0.01468671578913927,0
1385,11.859413772229995,0.026811767369508743,0
1386,12.07652238681964,0.018736504018306732,0
1387,12.240079357126078,0.013512823730707169,0
1388,12.030300773003606,0.019292311742901802,0
1389,12.190177453844324,0.014078760519623756,0
1390,13.0690563038618,0.0002366936969337985,0
1391,13.326690954904675,0.00023885173141025007,0
1392,14.775958504003304,0.033767953515052795,0
1393,14.8537488731124,0.037018876522779465,0
1394,15.298861779235317,0.059209056198596954,0
1395,15.973277708972482,0.10263477265834808,0
1396,15.901624621517524,0.09652719646692276,0
1397,16.25358015886541,0.12251579016447067,0
1398,16.978899266705263,0.18703041970729828,0
1399,16.32403859683494,0.12599408626556396,0
1400,15.943810537684124,0.09590992331504822,0
1401,16.007142138107245,0.10046355426311493,0
1402,15.668702265851634,0.0765041634440422,0
1403,14.909411829769208,0.03526798635721207,0
1404,14.328279491716197,0.014441845007240772,0
1405,13.137291239189224,0.0003118679451290518,0
1406,12.315898297441422,0.012540973722934723,0
1407,12.655318567569491,0.005095477215945721,0
1408,11.690270729103045,0.03302832692861557,0
1409,11.44076545836333,0.043531425297260284,0
1410,11.807250084041703,0.026916133239865303,0
1411,11.638110585556287,0.032970964908599854,0
1412,11.834358868614284,0.02454858087003231,0
1413,12.720359411716242,0.0027285271789878607,0
1414,12.37094453088588,0.008323000743985176,0
1415,13.420119328286445,0.0009941423777490854,0
1416,13.780210928763257,0.005456389859318733,0
1417,14.464538915871044,0.023491913452744484,0
1418,15.418813347416869,0.06928917020559311,0
1419,15.603340929417396,0.08031342923641205,0
1420,15.98235647270466,0.10617756843566895,0
1421,16.364622002997642,0.1356934756040573,0
1422,15.990530928302189,0.10452212393283844,0
1423,15.734780951251311,0.08531969785690308,0
1424,15.394854564195736,0.06320396810770035,0
1425,14.692431557036326,0.02860504761338234,0
1426,15.352646213851225,0.05998922884464264,0
1427,13.772998058460814,0.003770281560719013,0
1428,13.361623912924356,0.00019556627376005054,0
1429,12.66899544185602,0.0043108402751386166,0
1430,12.2124379344735,0.01380137074738741,0
1431,17.908376272383634,0.29443562030792236,0
1432,11.405844724105886,0.04472561553120613,0
1433,10.694532916976348,0.08549221605062485,0
1434,10.705846738699025,0.08344574272632599,0
1435,10.89790418334182,0.06977082788944244,0
1436,10.960525013155095,0.06466332077980042,0
1437,11.887213470275476,0.020858634263277054,0
1438,12.043019665998347,0.015460620634257793,0
1439,12.692502103602727,0.002249676501378417,0
1440,13.291757389306213,0.0005348121630959213,0
1441,14.066274867383504,0.012836611829698086,0
1442,14.346306467611058,0.02118862420320511,0
1443,14.396091707367315,0.022763995453715324,0
1444,15.27831384853591,0.06358100473880768,0
1445,15.18935134912632,0.05787963792681694,0
1446,15.288623153988084,0.06285849958658218,0
1447,15.515893842326731,0.07595573365688324,0
1448,15.440410240674494,0.0704333558678627,0
1449,14.65746300103789,0.030058398842811584,0
1450,14.20620840631586,0.014452907256782055,0
1451,14.002334717630523,0.009226121939718723,0
1452,12.89876076787214,0.0010225531877949834,0
1453,12.942779097684593,0.0007043769583106041,0
1454,11.712661874236623,0.028317930176854134,0
1455,10.481624859904311,0.09559689462184906,0
1456,10.824118653842737,0.0712939128279686,0
1457,10.449240634938482,0.09472377598285675,0
1458,10.62415073190289,0.08097223937511444,0
1459,17.601287359969746,0.27538350224494934,0
1460,10.508700696428429,0.08837271481752396,0
1461,10.57083691190007,0.08277825266122818,0
1462,11.384834778185226,0.03665686771273613,0
1463,11.78805558994975,0.020474988967180252,0
1464,12.509900635313109,0.0033849338069558144,0
1465,13.502567955495856,0.0032968732994049788,0
1466,14.425906690325217,0.02691773697733879,0
1467,14.5581986439986,0.03183365613222122,0
1468,14.476535553105627,0.028107935562729836,0
1469,15.21775480235798,0.06347475945949554,0
1470,15.528989445993696,0.08177603036165237,0
1471,14.90343913059614,0.04470151662826538,0
1472,14.799095321714342,0.03900645673274994,0
1473,14.450203643470513,0.0241558775305748,0
1474,13.69746584509518,0.004495636094361544,0
1475,13.530478564322896,0.0022072289139032364,0
1476,12.659773225672252,0.0029328761156648397,0
1477,12.183071459384712,0.011879537254571915,0
1478,11.19729410203046,0.04934704676270485,0
1479,10.824888892689904,0.0694456472992897,0
1480,10.78695189897192,0.07060576230287552,0
1481,10.221085683953838,0.10801613330841064,0
1482,10.779314061048089,0.06821493804454803,0
1483,10.24100226378925,0.10282311588525772,0
1484,10.693521585236908,0.07038961350917816,0
1485,11.319630937212937,0.036212995648384094,0
1486,11.149499260667191,0.04319000616669655,0
1487,11.668031519836177,0.02127518691122532,0
1488,12.404837919654469,0.0035058490466326475,0
1489,13.90844546526804,0.013424682430922985,0
1490,13.98800105876838,0.015391476452350616,0
1491,15.460541313717496,0.08569090813398361,0
1492,14.943651039647149,0.05298410728573799,0
1493,15.441350027659292,0.08121462166309357,0
1494,15.957841144283371,0.11667566001415253,0
1495,9.250378468592825,0.19094543159008026,0
1496,15.82885853600107,0.10562998801469803,0
1497,15.201651160932055,0.06258699297904968,0
1498,14.65521875774344,0.03412400186061859,0
1499,13.94999079489832,0.010252116248011589,0
1500,13.38640133155604,0.001203360385261476,0
1501,12.36868305288928,0.007033810950815678,0
1502,11.714267515480238,0.025439023971557617,0
1503,11.469997460246235,0.03495599702000618,0
1504,11.05207696425271,0.05478541925549507,0
1505,10.74716178339716,0.07158363610506058,0
1506,11.036899487071963,0.053785424679517746,0
1507,11.230047711118166,0.04306400939822197,0
1508,11.250224743485482,0.04131636023521423,0
1509,12.09492049046753,0.01077373418956995,0
1510,11.857709190890654,0.016914166510105133,0
1511,12.775941594038713,0.0005218586302362382,0
1512,13.296953303819173,0.0014199957950040698,0
1513,13.629999583055335,0.005746218375861645,0
1514,14.798979869116254,0.04413401708006859,0
1515,15.335814281334088,0.07305250316858292,0
1516,16.254332245374652,0.1398080289363861,0
1517,16.269787356819432,0.13865529000759125,0
1518,22.002121564197964,1.0644211769104004,1
1519,16.697097571704976,0.16910876333713531,0
1520,16.287177757647402,0.129383847117424,0
1521,15.727619513571137,0.0850721001625061,0
1522,14.996327589838211,0.041794225573539734,0
1523,14.20212946119508,0.012264801189303398,0
1524,13.759444958472882,0.00342610664665699,0
1525,13.578391875773397,0.0013527859700843692,0
1526,13.241375891780356,4.752574113808805e-06,0
1527,12.647831766727618,0.0049699414521455765,0
1528,11.666937710453954,0.03353852778673172,0
1529,11.253356352749403,0.052630968391895294,0
1530,11.571057715560343,0.03635237365961075,0
1531,11.10748355363097,0.05870780348777771,0
1532,12.008024995011006,0.01845453679561615,0
1533,12.286637696093193,0.010367237962782383,0
1534,12.73063054690344,0.0023968336172401905,0
1535,13.01591884557996,0.00022095348685979843,0
1536,14.3155452179453,0.018545182421803474,0
1537,14.667915584671048,0.031223373487591743,0
1538,15.098015968739588,0.050950806587934494,0
1539,15.122467648364518,0.051742590963840485,0
1540,16.389629360973483,0.13893504440784454,0
1541,17.19478235952726,0.21517056226730347,0
1542,17.261152858686298,0.21998630464076996,0
1543,16.55393549344281,0.1479625403881073,0
1544,16.27309889026793,0.1226438358426094,0
1545,16.20850589403556,0.11636106669902802,0
1546,15.26094261287252,0.052966464310884476,0
1547,15.05732584373348,0.042361218482255936,0
1548,14.55776641326079,0.021889835596084595,0
1549,14.056085532995665,0.00801522471010685,0
1550,13.061018438036138,0.0006567409727722406,0
1551,12.517100689895138,0.007734640035778284,0
1552,11.92130475225694,0.02427578903734684,0
1553,11.689561891896082,0.03278316184878349,0
1554,11.786056332429544,0.028239406645298004,0
1555,12.049835650152886,0.018390988931059837,0
1556,12.462774916153805,0.007406049408018589,0
1557,12.34324912974401,0.00967836007475853,0
1558,13.546871231667964,0.001783419051207602,0
1559,13.616668485517584,0.002588533330708742,0
1560,14.333532141440838,0.017993368208408356,0
1561,14.75662477004314,0.03341512009501457,0
1562,8.397028024525984,0.3058072626590729,0
1563,16.35108723612136,0.137099489569664,0
1564,16.694815677504188,0.16733384132385254,0
1565,16.62866610328316,0.15978357195854187,0
1566,16.806872309489396,0.17516480386257172,0
1567,16.843888645837573,0.17704467475414276,0
1568,15.957120075422717,0.09993292391300201,0
1569,15.85543050914514,0.09168906509876251,0
1570,15.71927042333936,0.08168915659189224,0
1571,14.485439009618998,0.02017975226044655,0
1572,14.28553256562439,0.014067009091377258,0
1573,13.125355224372994,0.00024850928457453847,0
1574,13.05037049219399,0.0005694521241821349,0
1575,5.195721242668553,0.867241382598877,1
1576,11.47053513598408,0.03986987844109535,0
1577,12.03343716963698,0.017325619235634804,0
1578,11.356414368447572,0.04305163025856018,0
1579,11.39616585163179,0.040096014738082886,0
1580,11.92576329615904,0.018639011308550835,0
1581,12.583449913074563,0.003422193229198456,0
1582,12.427253454306449,0.005657701287418604,0
1583,13.328271244816513,0.0009086233912967145,0
1584,14.059751941393207,0.01325320266187191,0
1585,14.75989291439092,0.03831402584910393,0
1586,8.296991216716876,0.30488088726997375,0
1587,15.508881850805452,0.08120826631784439,0
1588,15.740590582795177,0.09666035324335098,0
1589,16.23671296671859,0.13441118597984314,0
1590,15.946375043569374,0.10940612107515335,0
1591,15.27813870640462,0.0630951002240181,0
1592,16.007265263649323,0.1107371374964714,0
1593,15.721518986174948,0.088688924908638,0
1594,14.194904344206648,0.014271742664277554,0
1595,13.969041356764292,0.008548902347683907,0
1596,13.781746278301595,0.004930445924401283,0
1597,13.537288072736157,0.0017288386588916183,0
1598,12.294454037433605,0.010468794032931328,0
1599,11.523260583782324,0.036384403705596924,0
1600,11.260833745266485,0.048226721584796906,0
1601,11.44991907429147,0.03837887570261955,0
1602,10.730193999097589,0.07683206349611282,0
1603,10.741372596200229,0.07475294172763824,0
1604,11.058309294355505,0.054814860224723816,0
1605,11.2870112149919,0.04231005534529686,0
1606,12.100528275305354,0.011950982734560966,0
1607,13.127442305328698,0.00012242513184901327,0
1608,13.357816790640706,0.0014693228295072913,0
1609,13.806526659499797,0.008162923157215118,0
1610,14.372456619325323,0.024145595729351044,0
1611,14.484184049145108,0.028008773922920227,0
1612,15.59134039615429,0.08646917343139648,0
1613,15.529407258160004,0.08110781013965607,0
1614,15.561064184435825,0.08194711059331894,0
1615,16.46591690705365,0.1510383039712906,0
1616,15.326551191754085,0.06418149173259735,0
1617,7.542603598276791,0.42029526829719543,1
1618,14.153651223674592,0.014321872964501381,0
1619,14.004203946998931,0.01051961351186037,0
1620,13.028515937186995,0.00010601225949358195,0
1621,4.22889635854641,1.0543626546859741,1
1622,11.986777660919802,0.015142278745770454,0
1623,10.977410461989422,0.05622127279639244,0
1624,11.328105500376616,0.0375438891351223,0
1625,10.82690753918803,0.0621420219540596,0
1626,10.27102833698044,0.09666931629180908,0
1627,10.863240538101865,0.05738529935479164,0
1628,10.738594144781803,0.06329654157161713,0
1629,11.361958485323578,0.0314355231821537,0
1630,3.8026584903581897,1.1001317501068115,1
1631,11.957304729715052,0.009798947721719742,0
1632,12.65899272055919,0.00025460010510869324,0
1633,13.802982679444067,0.013623319566249847,0
1634,13.992502739387875,0.018900642171502113,0
1635,14.48670264607914,0.03711104393005371,0
1636,14.716763697911333,0.046886131167411804,0
1637,15.379453721569954,0.08409497886896133,0
1638,23.60545837027164,1.5296818017959595,1
1639,14.93411412761566,0.05034270137548447,0
1640,15.014566308718022,0.05238926783204079,0
1641,15.037463351676449,0.05173717066645622,0
1642,14.07704292164634,0.012762394733726978,0
1643,13.639705973044611,0.003604021156206727,0
1644,12.545339611810476,0.004638276528567076,0
1645,12.35370385537485,0.008229485712945461,0
1646,11.575398475869807,0.03263433650135994,0
1647,11.41984538149085,0.039193715900182724,0
1648,11.094453307092987,0.05485636740922928,0
1649,11.27780472218694,0.04460696130990982,0
1650,10.603114857642138,0.08256655931472778,0
1651,10.626632014448257,0.07982711493968964,0
1652,10.85243145798457,0.0644192099571228,0
1653,11.101903799807737,0.04950657859444618,0
1654,11.844554133585651,0.01806219294667244,0
1655,12.275653740388613,0.006888881791383028,0
1656,13.081073106906288,0.0001223024883074686,0
1657,14.092949494922324,0.016423596069216728,0
1658,14.019595732952263,0.01410237792879343,0
1659,15.203045096355767,0.0647059977054596,0
1660,15.67605983944628,0.09366649389266968,0
1661,15.518564078602871,0.08141946792602539,0
1662,15.026651688810434,0.05108917877078056,0
1663,15.420411821135543,0.07266894727945328,0
1664,15.76750582697853,0.09458337724208832,0
1665,15.000280873064517,0.04689028486609459,0
1666,14.216209330311488,0.015409872867166996,0
1667,13.788800233769452,0.0054275281727313995,0
1668,13.573079016657363,0.002374074188992381,0
1669,12.866058838248351,0.0011317376047372818,0
1670,12.056047550756102,0.016193218529224396,0
1671,11.52896247392508,0.0351121760904789,0
1672,11.153604906297018,0.052624788135290146,0
1673,10.77440714284578,0.07363659143447876,0
1674,11.48059595967578,0.035131990909576416,0
1675,11.014760007783623,0.05726714804768562,0
1676,11.7568502338456,0.022881757467985153,0
1677,12.27605628172772,0.008011692203581333,0
1678,12.667709194575137,0.001850444357842207,0
1679,12.872553338007124,0.0003447532653808594,0
1680,13.801119027101045,0.00794228445738554,0
1681,14.350701886260026,0.02315082959830761,0
1682,14.720673516650068,0.03756415843963623,0
1683,15.637646318365483,0.08895663172006607,0
1684,15.614585385054026,0.08604046702384949,0
1685,16.60484766799148,0.16438789665699005,0
1686,16.224631557975535,0.1285308450460434,0
1687,16.36921769856656,0.13878604769706726,0
1688,16.173854010453688,0.12054724246263504,0
1689,15.643318710419392,0.08032363653182983,0
1690,15.4082809599357,0.06464360654354095,0
1691,14.515490135225322,0.022281834855675697,0
1692,14.30049618053132,0.01520767156034708,0
1693,13.0159733857882,0.0006740066455677152,0
1694,12.881913873863851,0.0017000205116346478,0
1695,12.934537407963411,0.0012004612945020199,0
1696,11.681493139608138,0.03202376887202263,0
1697,11.553918091578677,0.03694380819797516,0
1698,11.85096419638466,0.02435535006225109,0
1699,18.167689707269265,0.33181244134902954,0
1700,12.184263710537664,0.013993421569466591,0
1701,12.645674611027127,0.004130428656935692,0
1702,13.228857938032364,1.4429845577978995e-05,0
1703,7.443394329585682,0.44175195693969727,1
1704,14.452410783052988,0.02253834716975689,0
1705,14.923348540184104,0.04199904575943947,0
1706,15.818763129813536,0.09493599832057953,0
1707,16.72211089281751,0.169198140501976,0
1708,16.526093708573924,0.14946474134922028,0
1709,16.538748089125157,0.14894555509090424,0
1710,17.262899295108028,0.21866530179977417,0
1711,16.822950021232604,0.1716616004705429,0
1712,15.969961644572304,0.09830952435731888,0
1713,10.456915159092954,0.10599374026060104,0
1714,15.567859788842789,0.07156816869974136,0
1715,8.671845529842855,0.2812800705432892,0
1716,14.595536428916182,0.025077098980545998,0
1717,13.91315546976418,0.006404098588973284,0
1718,13.471900206121791,0.0008780502248555422,0
1719,12.615556903777238,0.004718762822449207,0
1720,12.50663126773671,0.0064196535386145115,0
1721,12.027761994832886,0.01802697964012623,0
1722,12.243643144266253,0.011604038998484612,0
1723,12.292236243311963,0.010135279037058353,0
1724,12.076067917670477,0.015434476546943188,0
1725,13.07799744980066,4.6514342102454975e-05,0
1726,13.106275627445816,7.581084901175927e-06,0
1727,14.108422905314743,0.012936577200889587,0
1728,14.618128523765815,0.029773324728012085,0
1729,15.700243376826071,0.08857283741235733,0
1730,9.514221009907676,0.17570753395557404,0
1731,9.879926044169308,0.1401069611310959,0
1732,16.63593662661016,0.16789764165878296,0
1733,16.790110435568348,0.1810648888349533,0
1734,17.19475766490455,0.22139817476272583,0
1735,16.37221369799539,0.13911527395248413,0
1736,16.277779106744823,0.1295670121908188,0
1737,15.861805435875231,0.09597088396549225,0
1738,15.934083297044843,0.10001178085803986,0
1739,15.542909848344308,0.07239925861358643,0
1740,14.334130420413256,0.016292307525873184,0
1741,13.649683248802967,0.0022657117806375027,0
1742,13.09945714639784,0.00026793780853040516,0
1743,12.889481962765329,0.0016600108938291669,0
1744,11.844868740498535,0.025884360074996948,0
1745,11.923526058120292,0.022722996771335602,0
1746,12.037351130421715,0.01845810003578663,0
1747,11.957569833718075,0.02055518887937069,0
1748,12.09046702196941,0.01592913083732128,0
1749,12.707172536016031,0.0028337424155324697,0
1750,12.089030312100109,0.015237072482705116,0
1751,13.68112988572144,0.0038643490988761187,0
1752,13.90288428635586,0.007791384123265743,0
1753,14.17077136315509,0.014241338707506657,0
1754,15.449633599350564,0.07124099135398865,0
1755,16.199087766079277,0.12417711317539215,0
1756,16.115633094601503,0.11617323756217957,0
1757,16.664732165965564,0.16194266080856323,0
1758,16.919700224561648,0.1845836639404297,0
1759,16.71701818752824,0.16306720674037933,0
1760,16.536286681213415,0.14445286989212036,0
1761,15.840976781170625,0.08832073211669922,0
1762,15.094414166539645,0.04399813711643219,0
1763,13.959370824608218,0.006066765170544386,0
1764,13.69018125356114,0.0022045248188078403,0
1765,12.83506545322774,0.0026564316358417273,0
1766,13.10749874038028,0.0003614257148001343,0
1767,11.85689572242133,0.026466265320777893,0
1768,11.520664119633327,0.03991086408495903,0
1769,11.370901761359187,0.04620341211557388,0
1770,11.10506398674669,0.059229884296655655,0
1771,11.65764551032455,0.031298164278268814,0
1772,11.184337542489796,0.052602969110012054,0
1773,11.799392034040617,0.02423202246427536,0
1774,12.008986004797544,0.016723113134503365,0
1775,12.412032014421667,0.0065309274941682816,0
1776,13.24536228143436,0.00029074205667711794,0
1777,14.039121671023212,0.01200977060943842,0
1778,14.499209332644735,0.02649722620844841,0
1779,14.913414997791977,0.044167809188365936,0
1780,15.072512223908618,0.0517452210187912,0
1781,15.69582674547525,0.0890517309308052,0
1782,15.33179204630371,0.06487549096345901,0
1783,15.904001425807095,0.10202821344137192,0
1784,15.429657245124703,0.06912533938884735,0
1785,21.700534424435823,0.9737667441368103,1
1786,14.35679577942125,0.017478400841355324,0
1787,13.60202331256282,0.001896650530397892,0
1788,13.258287167151511,1.1006038221239578e-05,0
1789,12.900409297237324,0.0014468679437413812,0
1790,11.316457239653474,0.04871588200330734,0
1791,11.380361511395314,0.04480341076850891,0
1792,10.886076328841412,0.07123715430498123,0
1793,10.872295142408763,0.07080339640378952,0
1794,10.637183894149372,0.08446980267763138,0
1795,10.421344830059692,0.09777119010686874,0
1796,10.790521310923546,0.0711836963891983,0
1797,11.035318625745802,0.055488694459199905,0
1798,12.106343896950698,0.011894614435732365,0
1799,12.385605220813945,0.005622204393148422,0
1800,13.59041487598038,0.004298025276511908,0
1801,13.643796190025244,0.0051739150658249855,0
1802,14.048413308946616,0.014030413702130318,0
1803,14.321682867267928,0.02230146713554859,0
1804,14.63035856883938,0.03383786976337433,0
1805,14.94513321899028,0.04794451966881752,0
1806,15.586137995303446,0.08494961261749268,0
1807,15.574991508860908,0.08301778882741928,0
1808,14.700943261106527,0.03421862795948982,0
1809,15.050308679274618,0.05011827498674393,0
1810,14.12401702351498,0.013259297236800194,0
1811,13.716032337765444,0.004497881978750229,0
1812,13.515723858731116,0.0018793190829455853,0
1813,12.662263520972168,0.00308656832203269,0
1814,11.718982560999375,0.02696176990866661,0
1815,11.024768715162368,0.0589614063501358,0
1816,10.260692871224824,0.1084669828414917,0
1817,10.453189633808618,0.09270545095205307,0
1818,10.53388583402976,0.08548419922590256,0
1819,10.400739261328262,0.09296856820583344,0
1820,10.92273907738363,0.058397162705659866,0
1821,11.398909252538502,0.03387952223420143,0
1822,11.84355218600476,0.01706438884139061,0
1823,12.337273389183324,0.00519308028742671,0
1824,13.249131215615476,0.0011681002797558904,0
1825,7.098135150258219,0.45770010352134705,1
1826,14.162438779303343,0.020839674398303032,0
1827,15.45236124194097,0.08593923598527908,0
1828,15.419348879559063,0.0826195627450943,0
1829,15.727639523583626,0.1027434915304184,0
1830,16.043672485489974,0.12534894049167633,0
1831,22.487784081613896,1.2000004053115845,1
1832,15.832348453184215,0.10106230527162552,0
1833,15.261278541314692,0.06133393198251724,0
1834,14.500268787607908,0.024462254717946053,0
1835,14.216683767699838,0.014728047885000706,0
1836,13.145775146509752,1.649110345169902e-05,0
1837,12.902606679520842,0.0010726997861638665,0
1838,12.285758183313634,0.01085446123033762,0
1839,11.744574740287796,0.027609873563051224,0
1840,11.400571097578466,0.04192716255784035,0
1841,4.534688882823409,0.9932503700256348,1
1842,10.99936578051266,0.058771438896656036,0
1843,11.307309618889288,0.04141440987586975,0
1844,18.289576738068234,0.36746570467948914,0
1845,11.679358923873227,0.025811510160565376,0
1846,12.915928277390208,0.0002877364750020206,0
1847,12.910186977358238,0.00030765918199904263,0
1848,14.138837160157996,0.01550291571766138,0
1849,14.65411887673872,0.03355095162987709,0
1850,14.965915881916006,0.0474412627518177,0
1851,16.240931801631895,0.1321152150630951,0
1852,15.77820627287504,0.09445008635520935,0
1853,16.69229010353598,0.16857954859733582,0
1854,16.83219144257794,0.17966821789741516,0
1855,16.275683739081696,0.1266704499721527,0
1856,22.70700803368805,1.2048910856246948,1
1857,15.813976248150894,0.08686093240976334,0
1858,8.697736277639308,0.2814898192882538,0
1859,14.904057783843395,0.03600459173321724,0
1860,14.16681436885294,0.01086311973631382,0
1861,13.83100977181012,0.00433978158980608,0
1862,13.25004661616568,1.5348299484685413e-06,0
1863,11.996299116274535,0.021255474537611008,0
1864,12.540894609853233,0.006648240145295858,0
1865,11.426493986325443,0.04379427060484886,0
1866,12.17455570278948,0.014618800021708012,0
1867,12.312026904348087,0.010705633088946342,0
1868,11.919784751690996,0.02172079309821129,0
1869,12.54367418559649,0.005415024701505899,0
1870,12.874730096918098,0.0011599070858210325,0
1871,13.765853456673335,0.004816502332687378,0
1872,14.405054900718616,0.020639637485146523,0
1873,15.397623996250516,0.0666809007525444,0
1874,16.178083643288637,0.12121420353651047,0
1875,16.738851455585966,0.16903822124004364,0
1876,16.565233424515085,0.1512037068605423,0
1877,16.93634031840297,0.1845436692237854,0
1878,16.593743636655653,0.15034952759742737,0
1879,16.78530335046981,0.16646967828273773,0
1880,17.079217998305726,0.19373288750648499,0
1881,16.88854846427755,0.17330534756183624,0
1882,15.526153583065067,0.06602750718593597,0
1883,8.270076087861145,0.34020599722862244,0
1884,14.65602060265775,0.025223366916179657,0
1885,14.108053913476295,0.009186957962810993,0
1886,13.184183605003668,0.00010207637387793511,0
1887,13.041421128287585,0.0006686230772174895,0
1888,12.378547724162583,0.010410530492663383,0
1889,12.269290316844565,0.01282418891787529,0
1890,12.353885274401112,0.010390172712504864,0
1891,12.277552679051304,0.011933350935578346,0
1892,12.393783761125905,0.008882039226591587,0
1893,12.887319873770434,0.0012791645713150501,0
1894,13.40855577321847,0.0006567623349837959,0
1895,13.923002256865674,0.007348143495619297,0
1896,14.598303510945197,0.026905866339802742,0
1897,15.796382424939,0.09133976697921753,0
1898,22.659613122250175,1.1984721422195435,1
1899,16.333229521804263,0.12783341109752655,0
1900,17.018848829729656,0.18877314031124115,0
1901,16.948918523491805,0.1798376441001892,0
1902,23.99436876147853,1.5313011407852173,1
1903,17.135999538185782,0.1924419105052948,0
1904,16.72969318928744,0.1518499255180359,0
1905,16.484461390092143,0.12953594326972961,0
1906,15.345728173832176,0.05155915021896362,0
1907,14.859695595896738,0.029064064845442772,0
1908,14.175287684054728,0.008335920050740242,0
1909,13.911212694189317,0.0037478653248399496,0
1910,13.766195997309495,0.0020385694224387407,0
1911,13.378308515840631,1.179000378215278e-06,0
1912,18.75340908477729,0.3895111083984375,0
1913,12.170268705783176,0.01949021779000759,0
1914,11.372474521241164,0.053175054490566254,0
1915,11.812439442815888,0.03157208487391472,0
1916,11.965257411417335,0.02496909350156784,0
1917,12.388604428770584,0.011453692801296711,0
1918,13.01755685442449,0.0010542614618316293,0
1919,13.504140116552946,0.0006361404666677117,0
1920,13.67331704818112,0.0021003461442887783,0
1921,15.112334309047329,0.04540953412652016,0
1922,15.142449911771168,0.04686122387647629,0
1923,16.026764261763763,0.10144519805908203,0
1924,16.947092449914763,0.17992237210273743,0
1925,16.271054424328778,0.1187635138630867,0
1926,15.84493049034116,0.08664347976446152,0
1927,16.404742584888986,0.1285962015390396,0
1928,16.542585212901624,0.14034070074558258,0
1929,16.373842770115296,0.12548348307609558,0
1930,14.870919196533396,0.03228466212749481,0
1931,14.756970335148273,0.027766618877649307,0
1932,13.792406862966066,0.00313788210041821,0
1933,13.224254925531453,8.25123061076738e-05,0
1934,13.417518929236133,0.00020364162628538907,0
1935,11.626770367632444,0.0368245393037796,0
1936,11.727824576046324,0.031766992062330246,0
1937,11.51376410007666,0.040349118411540985,0
1938,11.585719150316754,0.03617798909544945,0
1939,11.3465251442366,0.04642163962125778,0
1940,11.631547512861392,0.032357487827539444,0
1941,5.370878114671362,0.8118087649345398,1
1942,12.480465262880417,0.0051377033814787865,0
1943,12.873081085138562,0.0005631048697978258,0
1944,13.783364575662803,0.006912688259035349,0
1945,14.107349609324688,0.014685964211821556,0
1946,14.909130118170609,0.045707184821367264,0
1947,15.280362447648576,0.06542099267244339,0
1948,16.00022253824178,0.11395355314016342,0
1949,15.87334030018733,0.10293103754520416,0
1950,15.419298418050952,0.07086057215929031,0
1951,8.64781717061585,0.2685340642929077,0
1952,15.30120562898561,0.06456436961889267,0
1953,14.95895162642242,0.04580053687095642,0
1954,14.438860114323122,0.023493705317378044,0
1955,14.408001662191197,0.022223809733986855,0
1956,12.689832549832104,0.0025324441958218813,0
1957,13.607598723528334,0.003154625417664647,0
1958,12.363826023267093,0.007693591993302107,0
1959,11.5808253618899,0.03150865435600281,0
1960,11.08564796732649,0.054482802748680115,0
1961,10.924559341930909,0.0625569224357605,0
1962,3.54459413515066,1.2112758159637451,1
1963,11.008500305366336,0.0528268963098526,0
1964,11.220918831424596,0.04065989702939987,0
1965,11.469000587163457,0.028944334015250206,0
1966,11.89234022927896,0.014156791381537914,0
1967,12.501829741116357,0.002215166576206684,0
1968,13.12958518614858,0.000681666424497962,0
1969,14.170125463229796,0.021337995305657387,0
1970,14.607002355704058,0.03807559609413147,0
1971,14.061680594652524,0.016733961179852486,0
1972,15.536070704675044,0.08882761001586914,0
1973,15.646794860307534,0.09484235942363739,0
1974,15.66838737306623,0.09447991102933884,0
1975,15.473818465965252,0.07935560494661331,0
1976,15.680534287711948,0.09156926721334457,0
1977,15.234055123688709,0.06147072836756706,0
1978,14.205072038673007,0.015961261466145515,0
1979,13.962110120307091,0.009300378151237965,0
1980,12.908560649892054,0.0007166757714003325,0
1981,12.147326276775784,0.013358844444155693,0
1982,11.77952658799422,0.02482544258236885,0
1983,11.71884442450175,0.026737583801150322,0
1984,11.360175005236412,0.04147939011454582,0
1985,10.990861255610518,0.05983901396393776,0
1986,10.982753641732463,0.05928501859307289,0
1987,11.019746605608084,0.05613381043076515,0
1988,10.937671688944462,0.05960337817668915,0
1989,11.67343045105309,0.024583520367741585,0
1990,12.319131838115531,0.006472264416515827,0
1991,5.185184651459471,0.8164246082305908,1
1992,13.723208825467754,0.007927301339805126,0
1993,14.246161388400209,0.022623669356107712,0
1994,14.762992964798713,0.04402254521846771,0
1995,15.518126599512057,0.0874493196606636,0
1996,15.608968941469584,0.09231583774089813,0
1997,15.625422241331872,0.09179800003767014,0
1998,15.95028806932988,0.11400225013494492,0
1999,15.715287623821911,0.09449643641710281,0
